view_id,physical_packet_uid,capture_uid,capture_packet_index,reference_id,ota_path,reference_path,adc_phase_2m,lowrate_phase_1m,combined_decimation_phase_2m,timing_offset_samples_1m,input_sample_rate_hz,input_samples,target_sample_rate_hz,target_samples,split_group
exp0_000000_rxg20_0_fulltrim:q0,exp000_sess000_run000:seg00:slot000000,exp000_sess000_run000,0,0,ota/exp0_000000_rxg20_0_fulltrim.cfile,reference/signalout_000000_fulltrim.cfile,0,0,0,0.0,250000,692676,1000000,2770704,exp000_sess000_run000:seg00:slot000000
exp0_000000_rxg20_0_fulltrim:q1,exp000_sess000_run000:seg00:slot000000,exp000_sess000_run000,0,0,ota/exp0_000000_rxg20_0_fulltrim.cfile,reference/signalout_000000_fulltrim.cfile,0,1,2,1.0,250000,692676,1000000,2770704,exp000_sess000_run000:seg00:slot000000
exp0_000000_rxg20_0_fulltrim:q2,exp000_sess000_run000:seg00:slot000000,exp000_sess000_run000,0,0,ota/exp0_000000_rxg20_0_fulltrim.cfile,reference/signalout_000000_fulltrim.cfile,0,2,4,2.0,250000,692676,1000000,2770704,exp000_sess000_run000:seg00:slot000000
exp0_000000_rxg20_0_fulltrim:q3,exp000_sess000_run000:seg00:slot000000,exp000_sess000_run000,0,0,ota/exp0_000000_rxg20_0_fulltrim.cfile,reference/signalout_000000_fulltrim.cfile,0,3,6,3.0,250000,692676,1000000,2770704,exp000_sess000_run000:seg00:slot000000
exp0_000000_rxg20_1_fulltrim:q0,exp000_sess000_run000:seg00:slot000000,exp000_sess000_run000,0,0,ota/exp0_000000_rxg20_1_fulltrim.cfile,reference/signalout_000000_fulltrim.cfile,1,0,1,0.5,250000,692676,1000000,2770704,exp000_sess000_run000:seg00:slot000000
exp0_000000_rxg20_1_fulltrim:q1,exp000_sess000_run000:seg00:slot000000,exp000_sess000_run000,0,0,ota/exp0_000000_rxg20_1_fulltrim.cfile,reference/signalout_000000_fulltrim.cfile,1,1,3,1.5,250000,692676,1000000,2770704,exp000_sess000_run000:seg00:slot000000
exp0_000000_rxg20_1_fulltrim:q2,exp000_sess000_run000:seg00:slot000000,exp000_sess000_run000,0,0,ota/exp0_000000_rxg20_1_fulltrim.cfile,reference/signalout_000000_fulltrim.cfile,1,2,5,2.5,250000,692676,1000000,2770704,exp000_sess000_run000:seg00:slot000000
exp0_000000_rxg20_1_fulltrim:q3,exp000_sess000_run000:seg00:slot000000,exp000_sess000_run000,0,0,ota/exp0_000000_rxg20_1_fulltrim.cfile,reference/signalout_000000_fulltrim.cfile,1,3,7,3.5,250000,692676,1000000,2770704,exp000_sess000_run000:seg00:slot000000
exp0_000002_rxg20_0_fulltrim:q0,exp000_sess000_run000:seg00:slot000002,exp000_sess000_run000,2,2,ota/exp0_000002_rxg20_0_fulltrim.cfile,reference/signalout_000002_fulltrim.cfile,0,0,0,0.0,250000,692676,1000000,2770704,exp000_sess000_run000:seg00:slot000002
exp0_000002_rxg20_0_fulltrim:q1,exp000_sess000_run000:seg00:slot000002,exp000_sess000_run000,2,2,ota/exp0_000002_rxg20_0_fulltrim.cfile,reference/signalout_000002_fulltrim.cfile,0,1,2,1.0,250000,692676,1000000,2770704,exp000_sess000_run000:seg00:slot000002
exp0_000002_rxg20_0_fulltrim:q2,exp000_sess000_run000:seg00:slot000002,exp000_sess000_run000,2,2,ota/exp0_000002_rxg20_0_fulltrim.cfile,reference/signalout_000002_fulltrim.cfile,0,2,4,2.0,250000,692676,1000000,2770704,exp000_sess000_run000:seg00:slot000002
exp0_000002_rxg20_0_fulltrim:q3,exp000_sess000_run000:seg00:slot000002,exp000_sess000_run000,2,2,ota/exp0_000002_rxg20_0_fulltrim.cfile,reference/signalout_000002_fulltrim.cfile,0,3,6,3.0,250000,692676,1000000,2770704,exp000_sess000_run000:seg00:slot000002
exp0_000002_rxg20_1_fulltrim:q0,exp000_sess000_run000:seg00:slot000002,exp000_sess000_run000,2,2,ota/exp0_000002_rxg20_1_fulltrim.cfile,reference/signalout_000002_fulltrim.cfile,1,0,1,0.5,250000,692676,1000000,2770704,exp000_sess000_run000:seg00:slot000002
exp0_000002_rxg20_1_fulltrim:q1,exp000_sess000_run000:seg00:slot000002,exp000_sess000_run000,2,2,ota/exp0_000002_rxg20_1_fulltrim.cfile,reference/signalout_000002_fulltrim.cfile,1,1,3,1.5,250000,692676,1000000,2770704,exp000_sess000_run000:seg00:slot000002
exp0_000002_rxg20_1_fulltrim:q2,exp000_sess000_run000:seg00:slot000002,exp000_sess000_run000,2,2,ota/exp0_000002_rxg20_1_fulltrim.cfile,reference/signalout_000002_fulltrim.cfile,1,2,5,2.5,250000,692676,1000000,2770704,exp000_sess000_run000:seg00:slot000002
exp0_000002_rxg20_1_fulltrim:q3,exp000_sess000_run000:seg00:slot000002,exp000_sess000_run000,2,2,ota/exp0_000002_rxg20_1_fulltrim.cfile,reference/signalout_000002_fulltrim.cfile,1,3,7,3.5,250000,692676,1000000,2770704,exp000_sess000_run000:seg00:slot000002
exp0_000003_rxg20_0_fulltrim:q0,exp000_sess000_run000:seg00:slot000003,exp000_sess000_run000,3,3,ota/exp0_000003_rxg20_0_fulltrim.cfile,reference/signalout_000003_fulltrim.cfile,0,0,0,0.0,250000,692676,1000000,2770704,exp000_sess000_run000:seg00:slot000003
exp0_000003_rxg20_0_fulltrim:q1,exp000_sess000_run000:seg00:slot000003,exp000_sess000_run000,3,3,ota/exp0_000003_rxg20_0_fulltrim.cfile,reference/signalout_000003_fulltrim.cfile,0,1,2,1.0,250000,692676,1000000,2770704,exp000_sess000_run000:seg00:slot000003
exp0_000003_rxg20_0_fulltrim:q2,exp000_sess000_run000:seg00:slot000003,exp000_sess000_run000,3,3,ota/exp0_000003_rxg20_0_fulltrim.cfile,reference/signalout_000003_fulltrim.cfile,0,2,4,2.0,250000,692676,1000000,2770704,exp000_sess000_run000:seg00:slot000003
exp0_000003_rxg20_0_fulltrim:q3,exp000_sess000_run000:seg00:slot000003,exp000_sess000_run000,3,3,ota/exp0_000003_rxg20_0_fulltrim.cfile,reference/signalout_000003_fulltrim.cfile,0,3,6,3.0,250000,692676,1000000,2770704,exp000_sess000_run000:seg00:slot000003
exp0_000003_rxg20_1_fulltrim:q0,exp000_sess000_run000:seg00:slot000003,exp000_sess000_run000,3,3,ota/exp0_000003_rxg20_1_fulltrim.cfile,reference/signalout_000003_fulltrim.cfile,1,0,1,0.5,250000,692676,1000000,2770704,exp000_sess000_run000:seg00:slot000003
exp0_000003_rxg20_1_fulltrim:q1,exp000_sess000_run000:seg00:slot000003,exp000_sess000_run000,3,3,ota/exp0_000003_rxg20_1_fulltrim.cfile,reference/signalout_000003_fulltrim.cfile,1,1,3,1.5,250000,692676,1000000,2770704,exp000_sess000_run000:seg00:slot000003
exp0_000003_rxg20_1_fulltrim:q2,exp000_sess000_run000:seg00:slot000003,exp000_sess000_run000,3,3,ota/exp0_000003_rxg20_1_fulltrim.cfile,reference/signalout_000003_fulltrim.cfile,1,2,5,2.5,250000,692676,1000000,2770704,exp000_sess000_run000:seg00:slot000003
exp0_000003_rxg20_1_fulltrim:q3,exp000_sess000_run000:seg00:slot000003,exp000_sess000_run000,3,3,ota/exp0_000003_rxg20_1_fulltrim.cfile,reference/signalout_000003_fulltrim.cfile,1,3,7,3.5,250000,692676,1000000,2770704,exp000_sess000_run000:seg00:slot000003
exp0_000004_rxg20_0_fulltrim:q0,exp000_sess000_run000:seg00:slot000004,exp000_sess000_run000,4,4,ota/exp0_000004_rxg20_0_fulltrim.cfile,reference/signalout_000004_fulltrim.cfile,0,0,0,0.0,250000,692676,1000000,2770704,exp000_sess000_run000:seg00:slot000004
exp0_000004_rxg20_0_fulltrim:q1,exp000_sess000_run000:seg00:slot000004,exp000_sess000_run000,4,4,ota/exp0_000004_rxg20_0_fulltrim.cfile,reference/signalout_000004_fulltrim.cfile,0,1,2,1.0,250000,692676,1000000,2770704,exp000_sess000_run000:seg00:slot000004
exp0_000004_rxg20_0_fulltrim:q2,exp000_sess000_run000:seg00:slot000004,exp000_sess000_run000,4,4,ota/exp0_000004_rxg20_0_fulltrim.cfile,reference/signalout_000004_fulltrim.cfile,0,2,4,2.0,250000,692676,1000000,2770704,exp000_sess000_run000:seg00:slot000004
exp0_000004_rxg20_0_fulltrim:q3,exp000_sess000_run000:seg00:slot000004,exp000_sess000_run000,4,4,ota/exp0_000004_rxg20_0_fulltrim.cfile,reference/signalout_000004_fulltrim.cfile,0,3,6,3.0,250000,692676,1000000,2770704,exp000_sess000_run000:seg00:slot000004
exp0_000004_rxg20_1_fulltrim:q0,exp000_sess000_run000:seg00:slot000004,exp000_sess000_run000,4,4,ota/exp0_000004_rxg20_1_fulltrim.cfile,reference/signalout_000004_fulltrim.cfile,1,0,1,0.5,250000,692676,1000000,2770704,exp000_sess000_run000:seg00:slot000004
exp0_000004_rxg20_1_fulltrim:q1,exp000_sess000_run000:seg00:slot000004,exp000_sess000_run000,4,4,ota/exp0_000004_rxg20_1_fulltrim.cfile,reference/signalout_000004_fulltrim.cfile,1,1,3,1.5,250000,692676,1000000,2770704,exp000_sess000_run000:seg00:slot000004
exp0_000004_rxg20_1_fulltrim:q2,exp000_sess000_run000:seg00:slot000004,exp000_sess000_run000,4,4,ota/exp0_000004_rxg20_1_fulltrim.cfile,reference/signalout_000004_fulltrim.cfile,1,2,5,2.5,250000,692676,1000000,2770704,exp000_sess000_run000:seg00:slot000004
exp0_000004_rxg20_1_fulltrim:q3,exp000_sess000_run000:seg00:slot000004,exp000_sess000_run000,4,4,ota/exp0_000004_rxg20_1_fulltrim.cfile,reference/signalout_000004_fulltrim.cfile,1,3,7,3.5,250000,692676,1000000,2770704,exp000_sess000_run000:seg00:slot000004
exp0_000005_rxg20_0_fulltrim:q0,exp000_sess000_run000:seg00:slot000005,exp000_sess000_run000,5,5,ota/exp0_000005_rxg20_0_fulltrim.cfile,reference/signalout_000005_fulltrim.cfile,0,0,0,0.0,250000,692676,1000000,2770704,exp000_sess000_run000:seg00:slot000005
exp0_000005_rxg20_0_fulltrim:q1,exp000_sess000_run000:seg00:slot000005,exp000_sess000_run000,5,5,ota/exp0_000005_rxg20_0_fulltrim.cfile,reference/signalout_000005_fulltrim.cfile,0,1,2,1.0,250000,692676,1000000,2770704,exp000_sess000_run000:seg00:slot000005
exp0_000005_rxg20_0_fulltrim:q2,exp000_sess000_run000:seg00:slot000005,exp000_sess000_run000,5,5,ota/exp0_000005_rxg20_0_fulltrim.cfile,reference/signalout_000005_fulltrim.cfile,0,2,4,2.0,250000,692676,1000000,2770704,exp000_sess000_run000:seg00:slot000005
exp0_000005_rxg20_0_fulltrim:q3,exp000_sess000_run000:seg00:slot000005,exp000_sess000_run000,5,5,ota/exp0_000005_rxg20_0_fulltrim.cfile,reference/signalout_000005_fulltrim.cfile,0,3,6,3.0,250000,692676,1000000,2770704,exp000_sess000_run000:seg00:slot000005
exp0_000005_rxg20_1_fulltrim:q0,exp000_sess000_run000:seg00:slot000005,exp000_sess000_run000,5,5,ota/exp0_000005_rxg20_1_fulltrim.cfile,reference/signalout_000005_fulltrim.cfile,1,0,1,0.5,250000,692676,1000000,2770704,exp000_sess000_run000:seg00:slot000005
exp0_000005_rxg20_1_fulltrim:q1,exp000_sess000_run000:seg00:slot000005,exp000_sess000_run000,5,5,ota/exp0_000005_rxg20_1_fulltrim.cfile,reference/signalout_000005_fulltrim.cfile,1,1,3,1.5,250000,692676,1000000,2770704,exp000_sess000_run000:seg00:slot000005
exp0_000005_rxg20_1_fulltrim:q2,exp000_sess000_run000:seg00:slot000005,exp000_sess000_run000,5,5,ota/exp0_000005_rxg20_1_fulltrim.cfile,reference/signalout_000005_fulltrim.cfile,1,2,5,2.5,250000,692676,1000000,2770704,exp000_sess000_run000:seg00:slot000005
exp0_000005_rxg20_1_fulltrim:q3,exp000_sess000_run000:seg00:slot000005,exp000_sess000_run000,5,5,ota/exp0_000005_rxg20_1_fulltrim.cfile,reference/signalout_000005_fulltrim.cfile,1,3,7,3.5,250000,692676,1000000,2770704,exp000_sess000_run000:seg00:slot000005
exp0_000006_rxg20_0_fulltrim:q0,exp000_sess000_run000:seg00:slot000006,exp000_sess000_run000,6,6,ota/exp0_000006_rxg20_0_fulltrim.cfile,reference/signalout_000006_fulltrim.cfile,0,0,0,0.0,250000,692676,1000000,2770704,exp000_sess000_run000:seg00:slot000006
exp0_000006_rxg20_0_fulltrim:q1,exp000_sess000_run000:seg00:slot000006,exp000_sess000_run000,6,6,ota/exp0_000006_rxg20_0_fulltrim.cfile,reference/signalout_000006_fulltrim.cfile,0,1,2,1.0,250000,692676,1000000,2770704,exp000_sess000_run000:seg00:slot000006
exp0_000006_rxg20_0_fulltrim:q2,exp000_sess000_run000:seg00:slot000006,exp000_sess000_run000,6,6,ota/exp0_000006_rxg20_0_fulltrim.cfile,reference/signalout_000006_fulltrim.cfile,0,2,4,2.0,250000,692676,1000000,2770704,exp000_sess000_run000:seg00:slot000006
exp0_000006_rxg20_0_fulltrim:q3,exp000_sess000_run000:seg00:slot000006,exp000_sess000_run000,6,6,ota/exp0_000006_rxg20_0_fulltrim.cfile,reference/signalout_000006_fulltrim.cfile,0,3,6,3.0,250000,692676,1000000,2770704,exp000_sess000_run000:seg00:slot000006
exp0_000006_rxg20_1_fulltrim:q0,exp000_sess000_run000:seg00:slot000006,exp000_sess000_run000,6,6,ota/exp0_000006_rxg20_1_fulltrim.cfile,reference/signalout_000006_fulltrim.cfile,1,0,1,0.5,250000,692676,1000000,2770704,exp000_sess000_run000:seg00:slot000006
exp0_000006_rxg20_1_fulltrim:q1,exp000_sess000_run000:seg00:slot000006,exp000_sess000_run000,6,6,ota/exp0_000006_rxg20_1_fulltrim.cfile,reference/signalout_000006_fulltrim.cfile,1,1,3,1.5,250000,692676,1000000,2770704,exp000_sess000_run000:seg00:slot000006
exp0_000006_rxg20_1_fulltrim:q2,exp000_sess000_run000:seg00:slot000006,exp000_sess000_run000,6,6,ota/exp0_000006_rxg20_1_fulltrim.cfile,reference/signalout_000006_fulltrim.cfile,1,2,5,2.5,250000,692676,1000000,2770704,exp000_sess000_run000:seg00:slot000006
exp0_000006_rxg20_1_fulltrim:q3,exp000_sess000_run000:seg00:slot000006,exp000_sess000_run000,6,6,ota/exp0_000006_rxg20_1_fulltrim.cfile,reference/signalout_000006_fulltrim.cfile,1,3,7,3.5,250000,692676,1000000,2770704,exp000_sess000_run000:seg00:slot000006
exp0_000007_rxg20_0_fulltrim:q0,exp000_sess000_run000:seg00:slot000007,exp000_sess000_run000,7,7,ota/exp0_000007_rxg20_0_fulltrim.cfile,reference/signalout_000007_fulltrim.cfile,0,0,0,0.0,250000,692676,1000000,2770704,exp000_sess000_run000:seg00:slot000007
exp0_000007_rxg20_0_fulltrim:q1,exp000_sess000_run000:seg00:slot000007,exp000_sess000_run000,7,7,ota/exp0_000007_rxg20_0_fulltrim.cfile,reference/signalout_000007_fulltrim.cfile,0,1,2,1.0,250000,692676,1000000,2770704,exp000_sess000_run000:seg00:slot000007
exp0_000007_rxg20_0_fulltrim:q2,exp000_sess000_run000:seg00:slot000007,exp000_sess000_run000,7,7,ota/exp0_000007_rxg20_0_fulltrim.cfile,reference/signalout_000007_fulltrim.cfile,0,2,4,2.0,250000,692676,1000000,2770704,exp000_sess000_run000:seg00:slot000007
exp0_000007_rxg20_0_fulltrim:q3,exp000_sess000_run000:seg00:slot000007,exp000_sess000_run000,7,7,ota/exp0_000007_rxg20_0_fulltrim.cfile,reference/signalout_000007_fulltrim.cfile,0,3,6,3.0,250000,692676,1000000,2770704,exp000_sess000_run000:seg00:slot000007
exp0_000007_rxg20_1_fulltrim:q0,exp000_sess000_run000:seg00:slot000007,exp000_sess000_run000,7,7,ota/exp0_000007_rxg20_1_fulltrim.cfile,reference/signalout_000007_fulltrim.cfile,1,0,1,0.5,250000,692676,1000000,2770704,exp000_sess000_run000:seg00:slot000007
exp0_000007_rxg20_1_fulltrim:q1,exp000_sess000_run000:seg00:slot000007,exp000_sess000_run000,7,7,ota/exp0_000007_rxg20_1_fulltrim.cfile,reference/signalout_000007_fulltrim.cfile,1,1,3,1.5,250000,692676,1000000,2770704,exp000_sess000_run000:seg00:slot000007
exp0_000007_rxg20_1_fulltrim:q2,exp000_sess000_run000:seg00:slot000007,exp000_sess000_run000,7,7,ota/exp0_000007_rxg20_1_fulltrim.cfile,reference/signalout_000007_fulltrim.cfile,1,2,5,2.5,250000,692676,1000000,2770704,exp000_sess000_run000:seg00:slot000007
exp0_000007_rxg20_1_fulltrim:q3,exp000_sess000_run000:seg00:slot000007,exp000_sess000_run000,7,7,ota/exp0_000007_rxg20_1_fulltrim.cfile,reference/signalout_000007_fulltrim.cfile,1,3,7,3.5,250000,692676,1000000,2770704,exp000_sess000_run000:seg00:slot000007
exp0_000008_rxg20_0_fulltrim:q0,exp000_sess000_run000:seg00:slot000008,exp000_sess000_run000,8,8,ota/exp0_000008_rxg20_0_fulltrim.cfile,reference/signalout_000008_fulltrim.cfile,0,0,0,0.0,250000,692676,1000000,2770704,exp000_sess000_run000:seg00:slot000008
exp0_000008_rxg20_0_fulltrim:q1,exp000_sess000_run000:seg00:slot000008,exp000_sess000_run000,8,8,ota/exp0_000008_rxg20_0_fulltrim.cfile,reference/signalout_000008_fulltrim.cfile,0,1,2,1.0,250000,692676,1000000,2770704,exp000_sess000_run000:seg00:slot000008
exp0_000008_rxg20_0_fulltrim:q2,exp000_sess000_run000:seg00:slot000008,exp000_sess000_run000,8,8,ota/exp0_000008_rxg20_0_fulltrim.cfile,reference/signalout_000008_fulltrim.cfile,0,2,4,2.0,250000,692676,1000000,2770704,exp000_sess000_run000:seg00:slot000008
exp0_000008_rxg20_0_fulltrim:q3,exp000_sess000_run000:seg00:slot000008,exp000_sess000_run000,8,8,ota/exp0_000008_rxg20_0_fulltrim.cfile,reference/signalout_000008_fulltrim.cfile,0,3,6,3.0,250000,692676,1000000,2770704,exp000_sess000_run000:seg00:slot000008
exp0_000008_rxg20_1_fulltrim:q0,exp000_sess000_run000:seg00:slot000008,exp000_sess000_run000,8,8,ota/exp0_000008_rxg20_1_fulltrim.cfile,reference/signalout_000008_fulltrim.cfile,1,0,1,0.5,250000,692676,1000000,2770704,exp000_sess000_run000:seg00:slot000008
exp0_000008_rxg20_1_fulltrim:q1,exp000_sess000_run000:seg00:slot000008,exp000_sess000_run000,8,8,ota/exp0_000008_rxg20_1_fulltrim.cfile,reference/signalout_000008_fulltrim.cfile,1,1,3,1.5,250000,692676,1000000,2770704,exp000_sess000_run000:seg00:slot000008
exp0_000008_rxg20_1_fulltrim:q2,exp000_sess000_run000:seg00:slot000008,exp000_sess000_run000,8,8,ota/exp0_000008_rxg20_1_fulltrim.cfile,reference/signalout_000008_fulltrim.cfile,1,2,5,2.5,250000,692676,1000000,2770704,exp000_sess000_run000:seg00:slot000008
exp0_000008_rxg20_1_fulltrim:q3,exp000_sess000_run000:seg00:slot000008,exp000_sess000_run000,8,8,ota/exp0_000008_rxg20_1_fulltrim.cfile,reference/signalout_000008_fulltrim.cfile,1,3,7,3.5,250000,692676,1000000,2770704,exp000_sess000_run000:seg00:slot000008
exp0_000009_rxg20_0_fulltrim:q0,exp000_sess000_run000:seg00:slot000009,exp000_sess000_run000,9,9,ota/exp0_000009_rxg20_0_fulltrim.cfile,reference/signalout_000009_fulltrim.cfile,0,0,0,0.0,250000,692676,1000000,2770704,exp000_sess000_run000:seg00:slot000009
exp0_000009_rxg20_0_fulltrim:q1,exp000_sess000_run000:seg00:slot000009,exp000_sess000_run000,9,9,ota/exp0_000009_rxg20_0_fulltrim.cfile,reference/signalout_000009_fulltrim.cfile,0,1,2,1.0,250000,692676,1000000,2770704,exp000_sess000_run000:seg00:slot000009
exp0_000009_rxg20_0_fulltrim:q2,exp000_sess000_run000:seg00:slot000009,exp000_sess000_run000,9,9,ota/exp0_000009_rxg20_0_fulltrim.cfile,reference/signalout_000009_fulltrim.cfile,0,2,4,2.0,250000,692676,1000000,2770704,exp000_sess000_run000:seg00:slot000009
exp0_000009_rxg20_0_fulltrim:q3,exp000_sess000_run000:seg00:slot000009,exp000_sess000_run000,9,9,ota/exp0_000009_rxg20_0_fulltrim.cfile,reference/signalout_000009_fulltrim.cfile,0,3,6,3.0,250000,692676,1000000,2770704,exp000_sess000_run000:seg00:slot000009
exp0_000009_rxg20_1_fulltrim:q0,exp000_sess000_run000:seg00:slot000009,exp000_sess000_run000,9,9,ota/exp0_000009_rxg20_1_fulltrim.cfile,reference/signalout_000009_fulltrim.cfile,1,0,1,0.5,250000,692676,1000000,2770704,exp000_sess000_run000:seg00:slot000009
exp0_000009_rxg20_1_fulltrim:q1,exp000_sess000_run000:seg00:slot000009,exp000_sess000_run000,9,9,ota/exp0_000009_rxg20_1_fulltrim.cfile,reference/signalout_000009_fulltrim.cfile,1,1,3,1.5,250000,692676,1000000,2770704,exp000_sess000_run000:seg00:slot000009
exp0_000009_rxg20_1_fulltrim:q2,exp000_sess000_run000:seg00:slot000009,exp000_sess000_run000,9,9,ota/exp0_000009_rxg20_1_fulltrim.cfile,reference/signalout_000009_fulltrim.cfile,1,2,5,2.5,250000,692676,1000000,2770704,exp000_sess000_run000:seg00:slot000009
exp0_000009_rxg20_1_fulltrim:q3,exp000_sess000_run000:seg00:slot000009,exp000_sess000_run000,9,9,ota/exp0_000009_rxg20_1_fulltrim.cfile,reference/signalout_000009_fulltrim.cfile,1,3,7,3.5,250000,692676,1000000,2770704,exp000_sess000_run000:seg00:slot000009
exp0_000010_rxg20_0_fulltrim:q0,exp000_sess000_run000:seg00:slot000010,exp000_sess000_run000,10,10,ota/exp0_000010_rxg20_0_fulltrim.cfile,reference/signalout_000010_fulltrim.cfile,0,0,0,0.0,250000,692676,1000000,2770704,exp000_sess000_run000:seg00:slot000010
exp0_000010_rxg20_0_fulltrim:q1,exp000_sess000_run000:seg00:slot000010,exp000_sess000_run000,10,10,ota/exp0_000010_rxg20_0_fulltrim.cfile,reference/signalout_000010_fulltrim.cfile,0,1,2,1.0,250000,692676,1000000,2770704,exp000_sess000_run000:seg00:slot000010
exp0_000010_rxg20_0_fulltrim:q2,exp000_sess000_run000:seg00:slot000010,exp000_sess000_run000,10,10,ota/exp0_000010_rxg20_0_fulltrim.cfile,reference/signalout_000010_fulltrim.cfile,0,2,4,2.0,250000,692676,1000000,2770704,exp000_sess000_run000:seg00:slot000010
exp0_000010_rxg20_0_fulltrim:q3,exp000_sess000_run000:seg00:slot000010,exp000_sess000_run000,10,10,ota/exp0_000010_rxg20_0_fulltrim.cfile,reference/signalout_000010_fulltrim.cfile,0,3,6,3.0,250000,692676,1000000,2770704,exp000_sess000_run000:seg00:slot000010
exp0_000010_rxg20_1_fulltrim:q0,exp000_sess000_run000:seg00:slot000010,exp000_sess000_run000,10,10,ota/exp0_000010_rxg20_1_fulltrim.cfile,reference/signalout_000010_fulltrim.cfile,1,0,1,0.5,250000,692676,1000000,2770704,exp000_sess000_run000:seg00:slot000010
exp0_000010_rxg20_1_fulltrim:q1,exp000_sess000_run000:seg00:slot000010,exp000_sess000_run000,10,10,ota/exp0_000010_rxg20_1_fulltrim.cfile,reference/signalout_000010_fulltrim.cfile,1,1,3,1.5,250000,692676,1000000,2770704,exp000_sess000_run000:seg00:slot000010
exp0_000010_rxg20_1_fulltrim:q2,exp000_sess000_run000:seg00:slot000010,exp000_sess000_run000,10,10,ota/exp0_000010_rxg20_1_fulltrim.cfile,reference/signalout_000010_fulltrim.cfile,1,2,5,2.5,250000,692676,1000000,2770704,exp000_sess000_run000:seg00:slot000010
exp0_000010_rxg20_1_fulltrim:q3,exp000_sess000_run000:seg00:slot000010,exp000_sess000_run000,10,10,ota/exp0_000010_rxg20_1_fulltrim.cfile,reference/signalout_000010_fulltrim.cfile,1,3,7,3.5,250000,692676,1000000,2770704,exp000_sess000_run000:seg00:slot000010
exp0_000011_rxg20_0_fulltrim:q0,exp000_sess000_run000:seg00:slot000011,exp000_sess000_run000,11,11,ota/exp0_000011_rxg20_0_fulltrim.cfile,reference/signalout_000011_fulltrim.cfile,0,0,0,0.0,250000,692676,1000000,2770704,exp000_sess000_run000:seg00:slot000011
exp0_000011_rxg20_0_fulltrim:q1,exp000_sess000_run000:seg00:slot000011,exp000_sess000_run000,11,11,ota/exp0_000011_rxg20_0_fulltrim.cfile,reference/signalout_000011_fulltrim.cfile,0,1,2,1.0,250000,692676,1000000,2770704,exp000_sess000_run000:seg00:slot000011
exp0_000011_rxg20_0_fulltrim:q2,exp000_sess000_run000:seg00:slot000011,exp000_sess000_run000,11,11,ota/exp0_000011_rxg20_0_fulltrim.cfile,reference/signalout_000011_fulltrim.cfile,0,2,4,2.0,250000,692676,1000000,2770704,exp000_sess000_run000:seg00:slot000011
exp0_000011_rxg20_0_fulltrim:q3,exp000_sess000_run000:seg00:slot000011,exp000_sess000_run000,11,11,ota/exp0_000011_rxg20_0_fulltrim.cfile,reference/signalout_000011_fulltrim.cfile,0,3,6,3.0,250000,692676,1000000,2770704,exp000_sess000_run000:seg00:slot000011
exp0_000011_rxg20_1_fulltrim:q0,exp000_sess000_run000:seg00:slot000011,exp000_sess000_run000,11,11,ota/exp0_000011_rxg20_1_fulltrim.cfile,reference/signalout_000011_fulltrim.cfile,1,0,1,0.5,250000,692676,1000000,2770704,exp000_sess000_run000:seg00:slot000011
exp0_000011_rxg20_1_fulltrim:q1,exp000_sess000_run000:seg00:slot000011,exp000_sess000_run000,11,11,ota/exp0_000011_rxg20_1_fulltrim.cfile,reference/signalout_000011_fulltrim.cfile,1,1,3,1.5,250000,692676,1000000,2770704,exp000_sess000_run000:seg00:slot000011
exp0_000011_rxg20_1_fulltrim:q2,exp000_sess000_run000:seg00:slot000011,exp000_sess000_run000,11,11,ota/exp0_000011_rxg20_1_fulltrim.cfile,reference/signalout_000011_fulltrim.cfile,1,2,5,2.5,250000,692676,1000000,2770704,exp000_sess000_run000:seg00:slot000011
exp0_000011_rxg20_1_fulltrim:q3,exp000_sess000_run000:seg00:slot000011,exp000_sess000_run000,11,11,ota/exp0_000011_rxg20_1_fulltrim.cfile,reference/signalout_000011_fulltrim.cfile,1,3,7,3.5,250000,692676,1000000,2770704,exp000_sess000_run000:seg00:slot000011
exp0_000012_rxg20_0_fulltrim:q0,exp000_sess000_run000:seg00:slot000012,exp000_sess000_run000,12,12,ota/exp0_000012_rxg20_0_fulltrim.cfile,reference/signalout_000012_fulltrim.cfile,0,0,0,0.0,250000,692676,1000000,2770704,exp000_sess000_run000:seg00:slot000012
exp0_000012_rxg20_0_fulltrim:q1,exp000_sess000_run000:seg00:slot000012,exp000_sess000_run000,12,12,ota/exp0_000012_rxg20_0_fulltrim.cfile,reference/signalout_000012_fulltrim.cfile,0,1,2,1.0,250000,692676,1000000,2770704,exp000_sess000_run000:seg00:slot000012
exp0_000012_rxg20_0_fulltrim:q2,exp000_sess000_run000:seg00:slot000012,exp000_sess000_run000,12,12,ota/exp0_000012_rxg20_0_fulltrim.cfile,reference/signalout_000012_fulltrim.cfile,0,2,4,2.0,250000,692676,1000000,2770704,exp000_sess000_run000:seg00:slot000012
exp0_000012_rxg20_0_fulltrim:q3,exp000_sess000_run000:seg00:slot000012,exp000_sess000_run000,12,12,ota/exp0_000012_rxg20_0_fulltrim.cfile,reference/signalout_000012_fulltrim.cfile,0,3,6,3.0,250000,692676,1000000,2770704,exp000_sess000_run000:seg00:slot000012
exp0_000012_rxg20_1_fulltrim:q0,exp000_sess000_run000:seg00:slot000012,exp000_sess000_run000,12,12,ota/exp0_000012_rxg20_1_fulltrim.cfile,reference/signalout_000012_fulltrim.cfile,1,0,1,0.5,250000,692676,1000000,2770704,exp000_sess000_run000:seg00:slot000012
exp0_000012_rxg20_1_fulltrim:q1,exp000_sess000_run000:seg00:slot000012,exp000_sess000_run000,12,12,ota/exp0_000012_rxg20_1_fulltrim.cfile,reference/signalout_000012_fulltrim.cfile,1,1,3,1.5,250000,692676,1000000,2770704,exp000_sess000_run000:seg00:slot000012
exp0_000012_rxg20_1_fulltrim:q2,exp000_sess000_run000:seg00:slot000012,exp000_sess000_run000,12,12,ota/exp0_000012_rxg20_1_fulltrim.cfile,reference/signalout_000012_fulltrim.cfile,1,2,5,2.5,250000,692676,1000000,2770704,exp000_sess000_run000:seg00:slot000012
exp0_000012_rxg20_1_fulltrim:q3,exp000_sess000_run000:seg00:slot000012,exp000_sess000_run000,12,12,ota/exp0_000012_rxg20_1_fulltrim.cfile,reference/signalout_000012_fulltrim.cfile,1,3,7,3.5,250000,692676,1000000,2770704,exp000_sess000_run000:seg00:slot000012
exp0_000013_rxg20_0_fulltrim:q0,exp000_sess000_run000:seg00:slot000013,exp000_sess000_run000,13,13,ota/exp0_000013_rxg20_0_fulltrim.cfile,reference/signalout_000013_fulltrim.cfile,0,0,0,0.0,250000,692676,1000000,2770704,exp000_sess000_run000:seg00:slot000013
exp0_000013_rxg20_0_fulltrim:q1,exp000_sess000_run000:seg00:slot000013,exp000_sess000_run000,13,13,ota/exp0_000013_rxg20_0_fulltrim.cfile,reference/signalout_000013_fulltrim.cfile,0,1,2,1.0,250000,692676,1000000,2770704,exp000_sess000_run000:seg00:slot000013
exp0_000013_rxg20_0_fulltrim:q2,exp000_sess000_run000:seg00:slot000013,exp000_sess000_run000,13,13,ota/exp0_000013_rxg20_0_fulltrim.cfile,reference/signalout_000013_fulltrim.cfile,0,2,4,2.0,250000,692676,1000000,2770704,exp000_sess000_run000:seg00:slot000013
exp0_000013_rxg20_0_fulltrim:q3,exp000_sess000_run000:seg00:slot000013,exp000_sess000_run000,13,13,ota/exp0_000013_rxg20_0_fulltrim.cfile,reference/signalout_000013_fulltrim.cfile,0,3,6,3.0,250000,692676,1000000,2770704,exp000_sess000_run000:seg00:slot000013
exp0_000013_rxg20_1_fulltrim:q0,exp000_sess000_run000:seg00:slot000013,exp000_sess000_run000,13,13,ota/exp0_000013_rxg20_1_fulltrim.cfile,reference/signalout_000013_fulltrim.cfile,1,0,1,0.5,250000,692676,1000000,2770704,exp000_sess000_run000:seg00:slot000013
exp0_000013_rxg20_1_fulltrim:q1,exp000_sess000_run000:seg00:slot000013,exp000_sess000_run000,13,13,ota/exp0_000013_rxg20_1_fulltrim.cfile,reference/signalout_000013_fulltrim.cfile,1,1,3,1.5,250000,692676,1000000,2770704,exp000_sess000_run000:seg00:slot000013
exp0_000013_rxg20_1_fulltrim:q2,exp000_sess000_run000:seg00:slot000013,exp000_sess000_run000,13,13,ota/exp0_000013_rxg20_1_fulltrim.cfile,reference/signalout_000013_fulltrim.cfile,1,2,5,2.5,250000,692676,1000000,2770704,exp000_sess000_run000:seg00:slot000013
exp0_000013_rxg20_1_fulltrim:q3,exp000_sess000_run000:seg00:slot000013,exp000_sess000_run000,13,13,ota/exp0_000013_rxg20_1_fulltrim.cfile,reference/signalout_000013_fulltrim.cfile,1,3,7,3.5,250000,692676,1000000,2770704,exp000_sess000_run000:seg00:slot000013
exp0_000014_rxg20_0_fulltrim:q0,exp000_sess000_run000:seg00:slot000014,exp000_sess000_run000,14,14,ota/exp0_000014_rxg20_0_fulltrim.cfile,reference/signalout_000014_fulltrim.cfile,0,0,0,0.0,250000,692676,1000000,2770704,exp000_sess000_run000:seg00:slot000014
exp0_000014_rxg20_0_fulltrim:q1,exp000_sess000_run000:seg00:slot000014,exp000_sess000_run000,14,14,ota/exp0_000014_rxg20_0_fulltrim.cfile,reference/signalout_000014_fulltrim.cfile,0,1,2,1.0,250000,692676,1000000,2770704,exp000_sess000_run000:seg00:slot000014
exp0_000014_rxg20_0_fulltrim:q2,exp000_sess000_run000:seg00:slot000014,exp000_sess000_run000,14,14,ota/exp0_000014_rxg20_0_fulltrim.cfile,reference/signalout_000014_fulltrim.cfile,0,2,4,2.0,250000,692676,1000000,2770704,exp000_sess000_run000:seg00:slot000014
exp0_000014_rxg20_0_fulltrim:q3,exp000_sess000_run000:seg00:slot000014,exp000_sess000_run000,14,14,ota/exp0_000014_rxg20_0_fulltrim.cfile,reference/signalout_000014_fulltrim.cfile,0,3,6,3.0,250000,692676,1000000,2770704,exp000_sess000_run000:seg00:slot000014
exp0_000014_rxg20_1_fulltrim:q0,exp000_sess000_run000:seg00:slot000014,exp000_sess000_run000,14,14,ota/exp0_000014_rxg20_1_fulltrim.cfile,reference/signalout_000014_fulltrim.cfile,1,0,1,0.5,250000,692676,1000000,2770704,exp000_sess000_run000:seg00:slot000014
exp0_000014_rxg20_1_fulltrim:q1,exp000_sess000_run000:seg00:slot000014,exp000_sess000_run000,14,14,ota/exp0_000014_rxg20_1_fulltrim.cfile,reference/signalout_000014_fulltrim.cfile,1,1,3,1.5,250000,692676,1000000,2770704,exp000_sess000_run000:seg00:slot000014
exp0_000014_rxg20_1_fulltrim:q2,exp000_sess000_run000:seg00:slot000014,exp000_sess000_run000,14,14,ota/exp0_000014_rxg20_1_fulltrim.cfile,reference/signalout_000014_fulltrim.cfile,1,2,5,2.5,250000,692676,1000000,2770704,exp000_sess000_run000:seg00:slot000014
exp0_000014_rxg20_1_fulltrim:q3,exp000_sess000_run000:seg00:slot000014,exp000_sess000_run000,14,14,ota/exp0_000014_rxg20_1_fulltrim.cfile,reference/signalout_000014_fulltrim.cfile,1,3,7,3.5,250000,692676,1000000,2770704,exp000_sess000_run000:seg00:slot000014
exp0_000015_rxg20_0_fulltrim:q0,exp000_sess000_run000:seg00:slot000015,exp000_sess000_run000,15,15,ota/exp0_000015_rxg20_0_fulltrim.cfile,reference/signalout_000015_fulltrim.cfile,0,0,0,0.0,250000,692676,1000000,2770704,exp000_sess000_run000:seg00:slot000015
exp0_000015_rxg20_0_fulltrim:q1,exp000_sess000_run000:seg00:slot000015,exp000_sess000_run000,15,15,ota/exp0_000015_rxg20_0_fulltrim.cfile,reference/signalout_000015_fulltrim.cfile,0,1,2,1.0,250000,692676,1000000,2770704,exp000_sess000_run000:seg00:slot000015
exp0_000015_rxg20_0_fulltrim:q2,exp000_sess000_run000:seg00:slot000015,exp000_sess000_run000,15,15,ota/exp0_000015_rxg20_0_fulltrim.cfile,reference/signalout_000015_fulltrim.cfile,0,2,4,2.0,250000,692676,1000000,2770704,exp000_sess000_run000:seg00:slot000015
exp0_000015_rxg20_0_fulltrim:q3,exp000_sess000_run000:seg00:slot000015,exp000_sess000_run000,15,15,ota/exp0_000015_rxg20_0_fulltrim.cfile,reference/signalout_000015_fulltrim.cfile,0,3,6,3.0,250000,692676,1000000,2770704,exp000_sess000_run000:seg00:slot000015
exp0_000015_rxg20_1_fulltrim:q0,exp000_sess000_run000:seg00:slot000015,exp000_sess000_run000,15,15,ota/exp0_000015_rxg20_1_fulltrim.cfile,reference/signalout_000015_fulltrim.cfile,1,0,1,0.5,250000,692676,1000000,2770704,exp000_sess000_run000:seg00:slot000015
exp0_000015_rxg20_1_fulltrim:q1,exp000_sess000_run000:seg00:slot000015,exp000_sess000_run000,15,15,ota/exp0_000015_rxg20_1_fulltrim.cfile,reference/signalout_000015_fulltrim.cfile,1,1,3,1.5,250000,692676,1000000,2770704,exp000_sess000_run000:seg00:slot000015
exp0_000015_rxg20_1_fulltrim:q2,exp000_sess000_run000:seg00:slot000015,exp000_sess000_run000,15,15,ota/exp0_000015_rxg20_1_fulltrim.cfile,reference/signalout_000015_fulltrim.cfile,1,2,5,2.5,250000,692676,1000000,2770704,exp000_sess000_run000:seg00:slot000015
exp0_000015_rxg20_1_fulltrim:q3,exp000_sess000_run000:seg00:slot000015,exp000_sess000_run000,15,15,ota/exp0_000015_rxg20_1_fulltrim.cfile,reference/signalout_000015_fulltrim.cfile,1,3,7,3.5,250000,692676,1000000,2770704,exp000_sess000_run000:seg00:slot000015
exp0_000016_rxg20_0_fulltrim:q0,exp000_sess000_run000:seg00:slot000016,exp000_sess000_run000,16,16,ota/exp0_000016_rxg20_0_fulltrim.cfile,reference/signalout_000016_fulltrim.cfile,0,0,0,0.0,250000,692676,1000000,2770704,exp000_sess000_run000:seg00:slot000016
exp0_000016_rxg20_0_fulltrim:q1,exp000_sess000_run000:seg00:slot000016,exp000_sess000_run000,16,16,ota/exp0_000016_rxg20_0_fulltrim.cfile,reference/signalout_000016_fulltrim.cfile,0,1,2,1.0,250000,692676,1000000,2770704,exp000_sess000_run000:seg00:slot000016
exp0_000016_rxg20_0_fulltrim:q2,exp000_sess000_run000:seg00:slot000016,exp000_sess000_run000,16,16,ota/exp0_000016_rxg20_0_fulltrim.cfile,reference/signalout_000016_fulltrim.cfile,0,2,4,2.0,250000,692676,1000000,2770704,exp000_sess000_run000:seg00:slot000016
exp0_000016_rxg20_0_fulltrim:q3,exp000_sess000_run000:seg00:slot000016,exp000_sess000_run000,16,16,ota/exp0_000016_rxg20_0_fulltrim.cfile,reference/signalout_000016_fulltrim.cfile,0,3,6,3.0,250000,692676,1000000,2770704,exp000_sess000_run000:seg00:slot000016
exp0_000016_rxg20_1_fulltrim:q0,exp000_sess000_run000:seg00:slot000016,exp000_sess000_run000,16,16,ota/exp0_000016_rxg20_1_fulltrim.cfile,reference/signalout_000016_fulltrim.cfile,1,0,1,0.5,250000,692676,1000000,2770704,exp000_sess000_run000:seg00:slot000016
exp0_000016_rxg20_1_fulltrim:q1,exp000_sess000_run000:seg00:slot000016,exp000_sess000_run000,16,16,ota/exp0_000016_rxg20_1_fulltrim.cfile,reference/signalout_000016_fulltrim.cfile,1,1,3,1.5,250000,692676,1000000,2770704,exp000_sess000_run000:seg00:slot000016
exp0_000016_rxg20_1_fulltrim:q2,exp000_sess000_run000:seg00:slot000016,exp000_sess000_run000,16,16,ota/exp0_000016_rxg20_1_fulltrim.cfile,reference/signalout_000016_fulltrim.cfile,1,2,5,2.5,250000,692676,1000000,2770704,exp000_sess000_run000:seg00:slot000016
exp0_000016_rxg20_1_fulltrim:q3,exp000_sess000_run000:seg00:slot000016,exp000_sess000_run000,16,16,ota/exp0_000016_rxg20_1_fulltrim.cfile,reference/signalout_000016_fulltrim.cfile,1,3,7,3.5,250000,692676,1000000,2770704,exp000_sess000_run000:seg00:slot000016
exp0_000017_rxg20_0_fulltrim:q0,exp000_sess000_run000:seg00:slot000017,exp000_sess000_run000,17,17,ota/exp0_000017_rxg20_0_fulltrim.cfile,reference/signalout_000017_fulltrim.cfile,0,0,0,0.0,250000,692676,1000000,2770704,exp000_sess000_run000:seg00:slot000017
exp0_000017_rxg20_0_fulltrim:q1,exp000_sess000_run000:seg00:slot000017,exp000_sess000_run000,17,17,ota/exp0_000017_rxg20_0_fulltrim.cfile,reference/signalout_000017_fulltrim.cfile,0,1,2,1.0,250000,692676,1000000,2770704,exp000_sess000_run000:seg00:slot000017
exp0_000017_rxg20_0_fulltrim:q2,exp000_sess000_run000:seg00:slot000017,exp000_sess000_run000,17,17,ota/exp0_000017_rxg20_0_fulltrim.cfile,reference/signalout_000017_fulltrim.cfile,0,2,4,2.0,250000,692676,1000000,2770704,exp000_sess000_run000:seg00:slot000017
exp0_000017_rxg20_0_fulltrim:q3,exp000_sess000_run000:seg00:slot000017,exp000_sess000_run000,17,17,ota/exp0_000017_rxg20_0_fulltrim.cfile,reference/signalout_000017_fulltrim.cfile,0,3,6,3.0,250000,692676,1000000,2770704,exp000_sess000_run000:seg00:slot000017
exp0_000017_rxg20_1_fulltrim:q0,exp000_sess000_run000:seg00:slot000017,exp000_sess000_run000,17,17,ota/exp0_000017_rxg20_1_fulltrim.cfile,reference/signalout_000017_fulltrim.cfile,1,0,1,0.5,250000,692676,1000000,2770704,exp000_sess000_run000:seg00:slot000017
exp0_000017_rxg20_1_fulltrim:q1,exp000_sess000_run000:seg00:slot000017,exp000_sess000_run000,17,17,ota/exp0_000017_rxg20_1_fulltrim.cfile,reference/signalout_000017_fulltrim.cfile,1,1,3,1.5,250000,692676,1000000,2770704,exp000_sess000_run000:seg00:slot000017
exp0_000017_rxg20_1_fulltrim:q2,exp000_sess000_run000:seg00:slot000017,exp000_sess000_run000,17,17,ota/exp0_000017_rxg20_1_fulltrim.cfile,reference/signalout_000017_fulltrim.cfile,1,2,5,2.5,250000,692676,1000000,2770704,exp000_sess000_run000:seg00:slot000017
exp0_000017_rxg20_1_fulltrim:q3,exp000_sess000_run000:seg00:slot000017,exp000_sess000_run000,17,17,ota/exp0_000017_rxg20_1_fulltrim.cfile,reference/signalout_000017_fulltrim.cfile,1,3,7,3.5,250000,692676,1000000,2770704,exp000_sess000_run000:seg00:slot000017
exp0_000018_rxg20_0_fulltrim:q0,exp000_sess000_run000:seg00:slot000018,exp000_sess000_run000,18,18,ota/exp0_000018_rxg20_0_fulltrim.cfile,reference/signalout_000018_fulltrim.cfile,0,0,0,0.0,250000,692676,1000000,2770704,exp000_sess000_run000:seg00:slot000018
exp0_000018_rxg20_0_fulltrim:q1,exp000_sess000_run000:seg00:slot000018,exp000_sess000_run000,18,18,ota/exp0_000018_rxg20_0_fulltrim.cfile,reference/signalout_000018_fulltrim.cfile,0,1,2,1.0,250000,692676,1000000,2770704,exp000_sess000_run000:seg00:slot000018
exp0_000018_rxg20_0_fulltrim:q2,exp000_sess000_run000:seg00:slot000018,exp000_sess000_run000,18,18,ota/exp0_000018_rxg20_0_fulltrim.cfile,reference/signalout_000018_fulltrim.cfile,0,2,4,2.0,250000,692676,1000000,2770704,exp000_sess000_run000:seg00:slot000018
exp0_000018_rxg20_0_fulltrim:q3,exp000_sess000_run000:seg00:slot000018,exp000_sess000_run000,18,18,ota/exp0_000018_rxg20_0_fulltrim.cfile,reference/signalout_000018_fulltrim.cfile,0,3,6,3.0,250000,692676,1000000,2770704,exp000_sess000_run000:seg00:slot000018
exp0_000018_rxg20_1_fulltrim:q0,exp000_sess000_run000:seg00:slot000018,exp000_sess000_run000,18,18,ota/exp0_000018_rxg20_1_fulltrim.cfile,reference/signalout_000018_fulltrim.cfile,1,0,1,0.5,250000,692676,1000000,2770704,exp000_sess000_run000:seg00:slot000018
exp0_000018_rxg20_1_fulltrim:q1,exp000_sess000_run000:seg00:slot000018,exp000_sess000_run000,18,18,ota/exp0_000018_rxg20_1_fulltrim.cfile,reference/signalout_000018_fulltrim.cfile,1,1,3,1.5,250000,692676,1000000,2770704,exp000_sess000_run000:seg00:slot000018
exp0_000018_rxg20_1_fulltrim:q2,exp000_sess000_run000:seg00:slot000018,exp000_sess000_run000,18,18,ota/exp0_000018_rxg20_1_fulltrim.cfile,reference/signalout_000018_fulltrim.cfile,1,2,5,2.5,250000,692676,1000000,2770704,exp000_sess000_run000:seg00:slot000018
exp0_000018_rxg20_1_fulltrim:q3,exp000_sess000_run000:seg00:slot000018,exp000_sess000_run000,18,18,ota/exp0_000018_rxg20_1_fulltrim.cfile,reference/signalout_000018_fulltrim.cfile,1,3,7,3.5,250000,692676,1000000,2770704,exp000_sess000_run000:seg00:slot000018
exp0_000019_rxg20_0_fulltrim:q0,exp000_sess000_run000:seg00:slot000019,exp000_sess000_run000,19,19,ota/exp0_000019_rxg20_0_fulltrim.cfile,reference/signalout_000019_fulltrim.cfile,0,0,0,0.0,250000,692676,1000000,2770704,exp000_sess000_run000:seg00:slot000019
exp0_000019_rxg20_0_fulltrim:q1,exp000_sess000_run000:seg00:slot000019,exp000_sess000_run000,19,19,ota/exp0_000019_rxg20_0_fulltrim.cfile,reference/signalout_000019_fulltrim.cfile,0,1,2,1.0,250000,692676,1000000,2770704,exp000_sess000_run000:seg00:slot000019
exp0_000019_rxg20_0_fulltrim:q2,exp000_sess000_run000:seg00:slot000019,exp000_sess000_run000,19,19,ota/exp0_000019_rxg20_0_fulltrim.cfile,reference/signalout_000019_fulltrim.cfile,0,2,4,2.0,250000,692676,1000000,2770704,exp000_sess000_run000:seg00:slot000019
exp0_000019_rxg20_0_fulltrim:q3,exp000_sess000_run000:seg00:slot000019,exp000_sess000_run000,19,19,ota/exp0_000019_rxg20_0_fulltrim.cfile,reference/signalout_000019_fulltrim.cfile,0,3,6,3.0,250000,692676,1000000,2770704,exp000_sess000_run000:seg00:slot000019
exp0_000019_rxg20_1_fulltrim:q0,exp000_sess000_run000:seg00:slot000019,exp000_sess000_run000,19,19,ota/exp0_000019_rxg20_1_fulltrim.cfile,reference/signalout_000019_fulltrim.cfile,1,0,1,0.5,250000,692676,1000000,2770704,exp000_sess000_run000:seg00:slot000019
exp0_000019_rxg20_1_fulltrim:q1,exp000_sess000_run000:seg00:slot000019,exp000_sess000_run000,19,19,ota/exp0_000019_rxg20_1_fulltrim.cfile,reference/signalout_000019_fulltrim.cfile,1,1,3,1.5,250000,692676,1000000,2770704,exp000_sess000_run000:seg00:slot000019
exp0_000019_rxg20_1_fulltrim:q2,exp000_sess000_run000:seg00:slot000019,exp000_sess000_run000,19,19,ota/exp0_000019_rxg20_1_fulltrim.cfile,reference/signalout_000019_fulltrim.cfile,1,2,5,2.5,250000,692676,1000000,2770704,exp000_sess000_run000:seg00:slot000019
exp0_000019_rxg20_1_fulltrim:q3,exp000_sess000_run000:seg00:slot000019,exp000_sess000_run000,19,19,ota/exp0_000019_rxg20_1_fulltrim.cfile,reference/signalout_000019_fulltrim.cfile,1,3,7,3.5,250000,692676,1000000,2770704,exp000_sess000_run000:seg00:slot000019
exp0_000020_rxg20_0_fulltrim:q0,exp000_sess000_run000:seg00:slot000020,exp000_sess000_run000,20,20,ota/exp0_000020_rxg20_0_fulltrim.cfile,reference/signalout_000020_fulltrim.cfile,0,0,0,0.0,250000,692676,1000000,2770704,exp000_sess000_run000:seg00:slot000020
exp0_000020_rxg20_0_fulltrim:q1,exp000_sess000_run000:seg00:slot000020,exp000_sess000_run000,20,20,ota/exp0_000020_rxg20_0_fulltrim.cfile,reference/signalout_000020_fulltrim.cfile,0,1,2,1.0,250000,692676,1000000,2770704,exp000_sess000_run000:seg00:slot000020
exp0_000020_rxg20_0_fulltrim:q2,exp000_sess000_run000:seg00:slot000020,exp000_sess000_run000,20,20,ota/exp0_000020_rxg20_0_fulltrim.cfile,reference/signalout_000020_fulltrim.cfile,0,2,4,2.0,250000,692676,1000000,2770704,exp000_sess000_run000:seg00:slot000020
exp0_000020_rxg20_0_fulltrim:q3,exp000_sess000_run000:seg00:slot000020,exp000_sess000_run000,20,20,ota/exp0_000020_rxg20_0_fulltrim.cfile,reference/signalout_000020_fulltrim.cfile,0,3,6,3.0,250000,692676,1000000,2770704,exp000_sess000_run000:seg00:slot000020
exp0_000020_rxg20_1_fulltrim:q0,exp000_sess000_run000:seg00:slot000020,exp000_sess000_run000,20,20,ota/exp0_000020_rxg20_1_fulltrim.cfile,reference/signalout_000020_fulltrim.cfile,1,0,1,0.5,250000,692676,1000000,2770704,exp000_sess000_run000:seg00:slot000020
exp0_000020_rxg20_1_fulltrim:q1,exp000_sess000_run000:seg00:slot000020,exp000_sess000_run000,20,20,ota/exp0_000020_rxg20_1_fulltrim.cfile,reference/signalout_000020_fulltrim.cfile,1,1,3,1.5,250000,692676,1000000,2770704,exp000_sess000_run000:seg00:slot000020
exp0_000020_rxg20_1_fulltrim:q2,exp000_sess000_run000:seg00:slot000020,exp000_sess000_run000,20,20,ota/exp0_000020_rxg20_1_fulltrim.cfile,reference/signalout_000020_fulltrim.cfile,1,2,5,2.5,250000,692676,1000000,2770704,exp000_sess000_run000:seg00:slot000020
exp0_000020_rxg20_1_fulltrim:q3,exp000_sess000_run000:seg00:slot000020,exp000_sess000_run000,20,20,ota/exp0_000020_rxg20_1_fulltrim.cfile,reference/signalout_000020_fulltrim.cfile,1,3,7,3.5,250000,692676,1000000,2770704,exp000_sess000_run000:seg00:slot000020
exp0_000021_rxg20_0_fulltrim:q0,exp000_sess000_run000:seg00:slot000021,exp000_sess000_run000,21,21,ota/exp0_000021_rxg20_0_fulltrim.cfile,reference/signalout_000021_fulltrim.cfile,0,0,0,0.0,250000,692676,1000000,2770704,exp000_sess000_run000:seg00:slot000021
exp0_000021_rxg20_0_fulltrim:q1,exp000_sess000_run000:seg00:slot000021,exp000_sess000_run000,21,21,ota/exp0_000021_rxg20_0_fulltrim.cfile,reference/signalout_000021_fulltrim.cfile,0,1,2,1.0,250000,692676,1000000,2770704,exp000_sess000_run000:seg00:slot000021
exp0_000021_rxg20_0_fulltrim:q2,exp000_sess000_run000:seg00:slot000021,exp000_sess000_run000,21,21,ota/exp0_000021_rxg20_0_fulltrim.cfile,reference/signalout_000021_fulltrim.cfile,0,2,4,2.0,250000,692676,1000000,2770704,exp000_sess000_run000:seg00:slot000021
exp0_000021_rxg20_0_fulltrim:q3,exp000_sess000_run000:seg00:slot000021,exp000_sess000_run000,21,21,ota/exp0_000021_rxg20_0_fulltrim.cfile,reference/signalout_000021_fulltrim.cfile,0,3,6,3.0,250000,692676,1000000,2770704,exp000_sess000_run000:seg00:slot000021
exp0_000021_rxg20_1_fulltrim:q0,exp000_sess000_run000:seg00:slot000021,exp000_sess000_run000,21,21,ota/exp0_000021_rxg20_1_fulltrim.cfile,reference/signalout_000021_fulltrim.cfile,1,0,1,0.5,250000,692676,1000000,2770704,exp000_sess000_run000:seg00:slot000021
exp0_000021_rxg20_1_fulltrim:q1,exp000_sess000_run000:seg00:slot000021,exp000_sess000_run000,21,21,ota/exp0_000021_rxg20_1_fulltrim.cfile,reference/signalout_000021_fulltrim.cfile,1,1,3,1.5,250000,692676,1000000,2770704,exp000_sess000_run000:seg00:slot000021
exp0_000021_rxg20_1_fulltrim:q2,exp000_sess000_run000:seg00:slot000021,exp000_sess000_run000,21,21,ota/exp0_000021_rxg20_1_fulltrim.cfile,reference/signalout_000021_fulltrim.cfile,1,2,5,2.5,250000,692676,1000000,2770704,exp000_sess000_run000:seg00:slot000021
exp0_000021_rxg20_1_fulltrim:q3,exp000_sess000_run000:seg00:slot000021,exp000_sess000_run000,21,21,ota/exp0_000021_rxg20_1_fulltrim.cfile,reference/signalout_000021_fulltrim.cfile,1,3,7,3.5,250000,692676,1000000,2770704,exp000_sess000_run000:seg00:slot000021
exp0_000022_rxg20_0_fulltrim:q0,exp000_sess000_run000:seg00:slot000022,exp000_sess000_run000,22,22,ota/exp0_000022_rxg20_0_fulltrim.cfile,reference/signalout_000022_fulltrim.cfile,0,0,0,0.0,250000,692676,1000000,2770704,exp000_sess000_run000:seg00:slot000022
exp0_000022_rxg20_0_fulltrim:q1,exp000_sess000_run000:seg00:slot000022,exp000_sess000_run000,22,22,ota/exp0_000022_rxg20_0_fulltrim.cfile,reference/signalout_000022_fulltrim.cfile,0,1,2,1.0,250000,692676,1000000,2770704,exp000_sess000_run000:seg00:slot000022
exp0_000022_rxg20_0_fulltrim:q2,exp000_sess000_run000:seg00:slot000022,exp000_sess000_run000,22,22,ota/exp0_000022_rxg20_0_fulltrim.cfile,reference/signalout_000022_fulltrim.cfile,0,2,4,2.0,250000,692676,1000000,2770704,exp000_sess000_run000:seg00:slot000022
exp0_000022_rxg20_0_fulltrim:q3,exp000_sess000_run000:seg00:slot000022,exp000_sess000_run000,22,22,ota/exp0_000022_rxg20_0_fulltrim.cfile,reference/signalout_000022_fulltrim.cfile,0,3,6,3.0,250000,692676,1000000,2770704,exp000_sess000_run000:seg00:slot000022
exp0_000022_rxg20_1_fulltrim:q0,exp000_sess000_run000:seg00:slot000022,exp000_sess000_run000,22,22,ota/exp0_000022_rxg20_1_fulltrim.cfile,reference/signalout_000022_fulltrim.cfile,1,0,1,0.5,250000,692676,1000000,2770704,exp000_sess000_run000:seg00:slot000022
exp0_000022_rxg20_1_fulltrim:q1,exp000_sess000_run000:seg00:slot000022,exp000_sess000_run000,22,22,ota/exp0_000022_rxg20_1_fulltrim.cfile,reference/signalout_000022_fulltrim.cfile,1,1,3,1.5,250000,692676,1000000,2770704,exp000_sess000_run000:seg00:slot000022
exp0_000022_rxg20_1_fulltrim:q2,exp000_sess000_run000:seg00:slot000022,exp000_sess000_run000,22,22,ota/exp0_000022_rxg20_1_fulltrim.cfile,reference/signalout_000022_fulltrim.cfile,1,2,5,2.5,250000,692676,1000000,2770704,exp000_sess000_run000:seg00:slot000022
exp0_000022_rxg20_1_fulltrim:q3,exp000_sess000_run000:seg00:slot000022,exp000_sess000_run000,22,22,ota/exp0_000022_rxg20_1_fulltrim.cfile,reference/signalout_000022_fulltrim.cfile,1,3,7,3.5,250000,692676,1000000,2770704,exp000_sess000_run000:seg00:slot000022
exp0_000023_rxg20_0_fulltrim:q0,exp000_sess000_run000:seg00:slot000023,exp000_sess000_run000,23,23,ota/exp0_000023_rxg20_0_fulltrim.cfile,reference/signalout_000023_fulltrim.cfile,0,0,0,0.0,250000,692676,1000000,2770704,exp000_sess000_run000:seg00:slot000023
exp0_000023_rxg20_0_fulltrim:q1,exp000_sess000_run000:seg00:slot000023,exp000_sess000_run000,23,23,ota/exp0_000023_rxg20_0_fulltrim.cfile,reference/signalout_000023_fulltrim.cfile,0,1,2,1.0,250000,692676,1000000,2770704,exp000_sess000_run000:seg00:slot000023
exp0_000023_rxg20_0_fulltrim:q2,exp000_sess000_run000:seg00:slot000023,exp000_sess000_run000,23,23,ota/exp0_000023_rxg20_0_fulltrim.cfile,reference/signalout_000023_fulltrim.cfile,0,2,4,2.0,250000,692676,1000000,2770704,exp000_sess000_run000:seg00:slot000023
exp0_000023_rxg20_0_fulltrim:q3,exp000_sess000_run000:seg00:slot000023,exp000_sess000_run000,23,23,ota/exp0_000023_rxg20_0_fulltrim.cfile,reference/signalout_000023_fulltrim.cfile,0,3,6,3.0,250000,692676,1000000,2770704,exp000_sess000_run000:seg00:slot000023
exp0_000023_rxg20_1_fulltrim:q0,exp000_sess000_run000:seg00:slot000023,exp000_sess000_run000,23,23,ota/exp0_000023_rxg20_1_fulltrim.cfile,reference/signalout_000023_fulltrim.cfile,1,0,1,0.5,250000,692676,1000000,2770704,exp000_sess000_run000:seg00:slot000023
exp0_000023_rxg20_1_fulltrim:q1,exp000_sess000_run000:seg00:slot000023,exp000_sess000_run000,23,23,ota/exp0_000023_rxg20_1_fulltrim.cfile,reference/signalout_000023_fulltrim.cfile,1,1,3,1.5,250000,692676,1000000,2770704,exp000_sess000_run000:seg00:slot000023
exp0_000023_rxg20_1_fulltrim:q2,exp000_sess000_run000:seg00:slot000023,exp000_sess000_run000,23,23,ota/exp0_000023_rxg20_1_fulltrim.cfile,reference/signalout_000023_fulltrim.cfile,1,2,5,2.5,250000,692676,1000000,2770704,exp000_sess000_run000:seg00:slot000023
exp0_000023_rxg20_1_fulltrim:q3,exp000_sess000_run000:seg00:slot000023,exp000_sess000_run000,23,23,ota/exp0_000023_rxg20_1_fulltrim.cfile,reference/signalout_000023_fulltrim.cfile,1,3,7,3.5,250000,692676,1000000,2770704,exp000_sess000_run000:seg00:slot000023
exp0_000024_rxg20_0_fulltrim:q0,exp000_sess000_run000:seg00:slot000024,exp000_sess000_run000,24,24,ota/exp0_000024_rxg20_0_fulltrim.cfile,reference/signalout_000024_fulltrim.cfile,0,0,0,0.0,250000,692676,1000000,2770704,exp000_sess000_run000:seg00:slot000024
exp0_000024_rxg20_0_fulltrim:q1,exp000_sess000_run000:seg00:slot000024,exp000_sess000_run000,24,24,ota/exp0_000024_rxg20_0_fulltrim.cfile,reference/signalout_000024_fulltrim.cfile,0,1,2,1.0,250000,692676,1000000,2770704,exp000_sess000_run000:seg00:slot000024
exp0_000024_rxg20_0_fulltrim:q2,exp000_sess000_run000:seg00:slot000024,exp000_sess000_run000,24,24,ota/exp0_000024_rxg20_0_fulltrim.cfile,reference/signalout_000024_fulltrim.cfile,0,2,4,2.0,250000,692676,1000000,2770704,exp000_sess000_run000:seg00:slot000024
exp0_000024_rxg20_0_fulltrim:q3,exp000_sess000_run000:seg00:slot000024,exp000_sess000_run000,24,24,ota/exp0_000024_rxg20_0_fulltrim.cfile,reference/signalout_000024_fulltrim.cfile,0,3,6,3.0,250000,692676,1000000,2770704,exp000_sess000_run000:seg00:slot000024
exp0_000024_rxg20_1_fulltrim:q0,exp000_sess000_run000:seg00:slot000024,exp000_sess000_run000,24,24,ota/exp0_000024_rxg20_1_fulltrim.cfile,reference/signalout_000024_fulltrim.cfile,1,0,1,0.5,250000,692676,1000000,2770704,exp000_sess000_run000:seg00:slot000024
exp0_000024_rxg20_1_fulltrim:q1,exp000_sess000_run000:seg00:slot000024,exp000_sess000_run000,24,24,ota/exp0_000024_rxg20_1_fulltrim.cfile,reference/signalout_000024_fulltrim.cfile,1,1,3,1.5,250000,692676,1000000,2770704,exp000_sess000_run000:seg00:slot000024
exp0_000024_rxg20_1_fulltrim:q2,exp000_sess000_run000:seg00:slot000024,exp000_sess000_run000,24,24,ota/exp0_000024_rxg20_1_fulltrim.cfile,reference/signalout_000024_fulltrim.cfile,1,2,5,2.5,250000,692676,1000000,2770704,exp000_sess000_run000:seg00:slot000024
exp0_000024_rxg20_1_fulltrim:q3,exp000_sess000_run000:seg00:slot000024,exp000_sess000_run000,24,24,ota/exp0_000024_rxg20_1_fulltrim.cfile,reference/signalout_000024_fulltrim.cfile,1,3,7,3.5,250000,692676,1000000,2770704,exp000_sess000_run000:seg00:slot000024
exp0_000025_rxg20_0_fulltrim:q0,exp000_sess000_run000:seg00:slot000025,exp000_sess000_run000,25,25,ota/exp0_000025_rxg20_0_fulltrim.cfile,reference/signalout_000025_fulltrim.cfile,0,0,0,0.0,250000,692676,1000000,2770704,exp000_sess000_run000:seg00:slot000025
exp0_000025_rxg20_0_fulltrim:q1,exp000_sess000_run000:seg00:slot000025,exp000_sess000_run000,25,25,ota/exp0_000025_rxg20_0_fulltrim.cfile,reference/signalout_000025_fulltrim.cfile,0,1,2,1.0,250000,692676,1000000,2770704,exp000_sess000_run000:seg00:slot000025
exp0_000025_rxg20_0_fulltrim:q2,exp000_sess000_run000:seg00:slot000025,exp000_sess000_run000,25,25,ota/exp0_000025_rxg20_0_fulltrim.cfile,reference/signalout_000025_fulltrim.cfile,0,2,4,2.0,250000,692676,1000000,2770704,exp000_sess000_run000:seg00:slot000025
exp0_000025_rxg20_0_fulltrim:q3,exp000_sess000_run000:seg00:slot000025,exp000_sess000_run000,25,25,ota/exp0_000025_rxg20_0_fulltrim.cfile,reference/signalout_000025_fulltrim.cfile,0,3,6,3.0,250000,692676,1000000,2770704,exp000_sess000_run000:seg00:slot000025
exp0_000025_rxg20_1_fulltrim:q0,exp000_sess000_run000:seg00:slot000025,exp000_sess000_run000,25,25,ota/exp0_000025_rxg20_1_fulltrim.cfile,reference/signalout_000025_fulltrim.cfile,1,0,1,0.5,250000,692676,1000000,2770704,exp000_sess000_run000:seg00:slot000025
exp0_000025_rxg20_1_fulltrim:q1,exp000_sess000_run000:seg00:slot000025,exp000_sess000_run000,25,25,ota/exp0_000025_rxg20_1_fulltrim.cfile,reference/signalout_000025_fulltrim.cfile,1,1,3,1.5,250000,692676,1000000,2770704,exp000_sess000_run000:seg00:slot000025
exp0_000025_rxg20_1_fulltrim:q2,exp000_sess000_run000:seg00:slot000025,exp000_sess000_run000,25,25,ota/exp0_000025_rxg20_1_fulltrim.cfile,reference/signalout_000025_fulltrim.cfile,1,2,5,2.5,250000,692676,1000000,2770704,exp000_sess000_run000:seg00:slot000025
exp0_000025_rxg20_1_fulltrim:q3,exp000_sess000_run000:seg00:slot000025,exp000_sess000_run000,25,25,ota/exp0_000025_rxg20_1_fulltrim.cfile,reference/signalout_000025_fulltrim.cfile,1,3,7,3.5,250000,692676,1000000,2770704,exp000_sess000_run000:seg00:slot000025
exp0_000026_rxg20_0_fulltrim:q0,exp000_sess000_run000:seg00:slot000026,exp000_sess000_run000,26,26,ota/exp0_000026_rxg20_0_fulltrim.cfile,reference/signalout_000026_fulltrim.cfile,0,0,0,0.0,250000,692676,1000000,2770704,exp000_sess000_run000:seg00:slot000026
exp0_000026_rxg20_0_fulltrim:q1,exp000_sess000_run000:seg00:slot000026,exp000_sess000_run000,26,26,ota/exp0_000026_rxg20_0_fulltrim.cfile,reference/signalout_000026_fulltrim.cfile,0,1,2,1.0,250000,692676,1000000,2770704,exp000_sess000_run000:seg00:slot000026
exp0_000026_rxg20_0_fulltrim:q2,exp000_sess000_run000:seg00:slot000026,exp000_sess000_run000,26,26,ota/exp0_000026_rxg20_0_fulltrim.cfile,reference/signalout_000026_fulltrim.cfile,0,2,4,2.0,250000,692676,1000000,2770704,exp000_sess000_run000:seg00:slot000026
exp0_000026_rxg20_0_fulltrim:q3,exp000_sess000_run000:seg00:slot000026,exp000_sess000_run000,26,26,ota/exp0_000026_rxg20_0_fulltrim.cfile,reference/signalout_000026_fulltrim.cfile,0,3,6,3.0,250000,692676,1000000,2770704,exp000_sess000_run000:seg00:slot000026
exp0_000026_rxg20_1_fulltrim:q0,exp000_sess000_run000:seg00:slot000026,exp000_sess000_run000,26,26,ota/exp0_000026_rxg20_1_fulltrim.cfile,reference/signalout_000026_fulltrim.cfile,1,0,1,0.5,250000,692676,1000000,2770704,exp000_sess000_run000:seg00:slot000026
exp0_000026_rxg20_1_fulltrim:q1,exp000_sess000_run000:seg00:slot000026,exp000_sess000_run000,26,26,ota/exp0_000026_rxg20_1_fulltrim.cfile,reference/signalout_000026_fulltrim.cfile,1,1,3,1.5,250000,692676,1000000,2770704,exp000_sess000_run000:seg00:slot000026
exp0_000026_rxg20_1_fulltrim:q2,exp000_sess000_run000:seg00:slot000026,exp000_sess000_run000,26,26,ota/exp0_000026_rxg20_1_fulltrim.cfile,reference/signalout_000026_fulltrim.cfile,1,2,5,2.5,250000,692676,1000000,2770704,exp000_sess000_run000:seg00:slot000026
exp0_000026_rxg20_1_fulltrim:q3,exp000_sess000_run000:seg00:slot000026,exp000_sess000_run000,26,26,ota/exp0_000026_rxg20_1_fulltrim.cfile,reference/signalout_000026_fulltrim.cfile,1,3,7,3.5,250000,692676,1000000,2770704,exp000_sess000_run000:seg00:slot000026
exp0_000027_rxg20_0_fulltrim:q0,exp000_sess000_run000:seg00:slot000027,exp000_sess000_run000,27,27,ota/exp0_000027_rxg20_0_fulltrim.cfile,reference/signalout_000027_fulltrim.cfile,0,0,0,0.0,250000,692676,1000000,2770704,exp000_sess000_run000:seg00:slot000027
exp0_000027_rxg20_0_fulltrim:q1,exp000_sess000_run000:seg00:slot000027,exp000_sess000_run000,27,27,ota/exp0_000027_rxg20_0_fulltrim.cfile,reference/signalout_000027_fulltrim.cfile,0,1,2,1.0,250000,692676,1000000,2770704,exp000_sess000_run000:seg00:slot000027
exp0_000027_rxg20_0_fulltrim:q2,exp000_sess000_run000:seg00:slot000027,exp000_sess000_run000,27,27,ota/exp0_000027_rxg20_0_fulltrim.cfile,reference/signalout_000027_fulltrim.cfile,0,2,4,2.0,250000,692676,1000000,2770704,exp000_sess000_run000:seg00:slot000027
exp0_000027_rxg20_0_fulltrim:q3,exp000_sess000_run000:seg00:slot000027,exp000_sess000_run000,27,27,ota/exp0_000027_rxg20_0_fulltrim.cfile,reference/signalout_000027_fulltrim.cfile,0,3,6,3.0,250000,692676,1000000,2770704,exp000_sess000_run000:seg00:slot000027
exp0_000027_rxg20_1_fulltrim:q0,exp000_sess000_run000:seg00:slot000027,exp000_sess000_run000,27,27,ota/exp0_000027_rxg20_1_fulltrim.cfile,reference/signalout_000027_fulltrim.cfile,1,0,1,0.5,250000,692676,1000000,2770704,exp000_sess000_run000:seg00:slot000027
exp0_000027_rxg20_1_fulltrim:q1,exp000_sess000_run000:seg00:slot000027,exp000_sess000_run000,27,27,ota/exp0_000027_rxg20_1_fulltrim.cfile,reference/signalout_000027_fulltrim.cfile,1,1,3,1.5,250000,692676,1000000,2770704,exp000_sess000_run000:seg00:slot000027
exp0_000027_rxg20_1_fulltrim:q2,exp000_sess000_run000:seg00:slot000027,exp000_sess000_run000,27,27,ota/exp0_000027_rxg20_1_fulltrim.cfile,reference/signalout_000027_fulltrim.cfile,1,2,5,2.5,250000,692676,1000000,2770704,exp000_sess000_run000:seg00:slot000027
exp0_000027_rxg20_1_fulltrim:q3,exp000_sess000_run000:seg00:slot000027,exp000_sess000_run000,27,27,ota/exp0_000027_rxg20_1_fulltrim.cfile,reference/signalout_000027_fulltrim.cfile,1,3,7,3.5,250000,692676,1000000,2770704,exp000_sess000_run000:seg00:slot000027
exp0_000028_rxg20_0_fulltrim:q0,exp000_sess000_run000:seg00:slot000028,exp000_sess000_run000,28,28,ota/exp0_000028_rxg20_0_fulltrim.cfile,reference/signalout_000028_fulltrim.cfile,0,0,0,0.0,250000,692676,1000000,2770704,exp000_sess000_run000:seg00:slot000028
exp0_000028_rxg20_0_fulltrim:q1,exp000_sess000_run000:seg00:slot000028,exp000_sess000_run000,28,28,ota/exp0_000028_rxg20_0_fulltrim.cfile,reference/signalout_000028_fulltrim.cfile,0,1,2,1.0,250000,692676,1000000,2770704,exp000_sess000_run000:seg00:slot000028
exp0_000028_rxg20_0_fulltrim:q2,exp000_sess000_run000:seg00:slot000028,exp000_sess000_run000,28,28,ota/exp0_000028_rxg20_0_fulltrim.cfile,reference/signalout_000028_fulltrim.cfile,0,2,4,2.0,250000,692676,1000000,2770704,exp000_sess000_run000:seg00:slot000028
exp0_000028_rxg20_0_fulltrim:q3,exp000_sess000_run000:seg00:slot000028,exp000_sess000_run000,28,28,ota/exp0_000028_rxg20_0_fulltrim.cfile,reference/signalout_000028_fulltrim.cfile,0,3,6,3.0,250000,692676,1000000,2770704,exp000_sess000_run000:seg00:slot000028
exp0_000028_rxg20_1_fulltrim:q0,exp000_sess000_run000:seg00:slot000028,exp000_sess000_run000,28,28,ota/exp0_000028_rxg20_1_fulltrim.cfile,reference/signalout_000028_fulltrim.cfile,1,0,1,0.5,250000,692676,1000000,2770704,exp000_sess000_run000:seg00:slot000028
exp0_000028_rxg20_1_fulltrim:q1,exp000_sess000_run000:seg00:slot000028,exp000_sess000_run000,28,28,ota/exp0_000028_rxg20_1_fulltrim.cfile,reference/signalout_000028_fulltrim.cfile,1,1,3,1.5,250000,692676,1000000,2770704,exp000_sess000_run000:seg00:slot000028
exp0_000028_rxg20_1_fulltrim:q2,exp000_sess000_run000:seg00:slot000028,exp000_sess000_run000,28,28,ota/exp0_000028_rxg20_1_fulltrim.cfile,reference/signalout_000028_fulltrim.cfile,1,2,5,2.5,250000,692676,1000000,2770704,exp000_sess000_run000:seg00:slot000028
exp0_000028_rxg20_1_fulltrim:q3,exp000_sess000_run000:seg00:slot000028,exp000_sess000_run000,28,28,ota/exp0_000028_rxg20_1_fulltrim.cfile,reference/signalout_000028_fulltrim.cfile,1,3,7,3.5,250000,692676,1000000,2770704,exp000_sess000_run000:seg00:slot000028
exp0_000029_rxg20_0_fulltrim:q0,exp000_sess000_run000:seg00:slot000029,exp000_sess000_run000,29,29,ota/exp0_000029_rxg20_0_fulltrim.cfile,reference/signalout_000029_fulltrim.cfile,0,0,0,0.0,250000,692676,1000000,2770704,exp000_sess000_run000:seg00:slot000029
exp0_000029_rxg20_0_fulltrim:q1,exp000_sess000_run000:seg00:slot000029,exp000_sess000_run000,29,29,ota/exp0_000029_rxg20_0_fulltrim.cfile,reference/signalout_000029_fulltrim.cfile,0,1,2,1.0,250000,692676,1000000,2770704,exp000_sess000_run000:seg00:slot000029
exp0_000029_rxg20_0_fulltrim:q2,exp000_sess000_run000:seg00:slot000029,exp000_sess000_run000,29,29,ota/exp0_000029_rxg20_0_fulltrim.cfile,reference/signalout_000029_fulltrim.cfile,0,2,4,2.0,250000,692676,1000000,2770704,exp000_sess000_run000:seg00:slot000029
exp0_000029_rxg20_0_fulltrim:q3,exp000_sess000_run000:seg00:slot000029,exp000_sess000_run000,29,29,ota/exp0_000029_rxg20_0_fulltrim.cfile,reference/signalout_000029_fulltrim.cfile,0,3,6,3.0,250000,692676,1000000,2770704,exp000_sess000_run000:seg00:slot000029
exp0_000029_rxg20_1_fulltrim:q0,exp000_sess000_run000:seg00:slot000029,exp000_sess000_run000,29,29,ota/exp0_000029_rxg20_1_fulltrim.cfile,reference/signalout_000029_fulltrim.cfile,1,0,1,0.5,250000,692676,1000000,2770704,exp000_sess000_run000:seg00:slot000029
exp0_000029_rxg20_1_fulltrim:q1,exp000_sess000_run000:seg00:slot000029,exp000_sess000_run000,29,29,ota/exp0_000029_rxg20_1_fulltrim.cfile,reference/signalout_000029_fulltrim.cfile,1,1,3,1.5,250000,692676,1000000,2770704,exp000_sess000_run000:seg00:slot000029
exp0_000029_rxg20_1_fulltrim:q2,exp000_sess000_run000:seg00:slot000029,exp000_sess000_run000,29,29,ota/exp0_000029_rxg20_1_fulltrim.cfile,reference/signalout_000029_fulltrim.cfile,1,2,5,2.5,250000,692676,1000000,2770704,exp000_sess000_run000:seg00:slot000029
exp0_000029_rxg20_1_fulltrim:q3,exp000_sess000_run000:seg00:slot000029,exp000_sess000_run000,29,29,ota/exp0_000029_rxg20_1_fulltrim.cfile,reference/signalout_000029_fulltrim.cfile,1,3,7,3.5,250000,692676,1000000,2770704,exp000_sess000_run000:seg00:slot000029
exp0_000030_rxg20_0_fulltrim:q0,exp000_sess000_run000:seg00:slot000030,exp000_sess000_run000,30,30,ota/exp0_000030_rxg20_0_fulltrim.cfile,reference/signalout_000030_fulltrim.cfile,0,0,0,0.0,250000,692676,1000000,2770704,exp000_sess000_run000:seg00:slot000030
exp0_000030_rxg20_0_fulltrim:q1,exp000_sess000_run000:seg00:slot000030,exp000_sess000_run000,30,30,ota/exp0_000030_rxg20_0_fulltrim.cfile,reference/signalout_000030_fulltrim.cfile,0,1,2,1.0,250000,692676,1000000,2770704,exp000_sess000_run000:seg00:slot000030
exp0_000030_rxg20_0_fulltrim:q2,exp000_sess000_run000:seg00:slot000030,exp000_sess000_run000,30,30,ota/exp0_000030_rxg20_0_fulltrim.cfile,reference/signalout_000030_fulltrim.cfile,0,2,4,2.0,250000,692676,1000000,2770704,exp000_sess000_run000:seg00:slot000030
exp0_000030_rxg20_0_fulltrim:q3,exp000_sess000_run000:seg00:slot000030,exp000_sess000_run000,30,30,ota/exp0_000030_rxg20_0_fulltrim.cfile,reference/signalout_000030_fulltrim.cfile,0,3,6,3.0,250000,692676,1000000,2770704,exp000_sess000_run000:seg00:slot000030
exp0_000030_rxg20_1_fulltrim:q0,exp000_sess000_run000:seg00:slot000030,exp000_sess000_run000,30,30,ota/exp0_000030_rxg20_1_fulltrim.cfile,reference/signalout_000030_fulltrim.cfile,1,0,1,0.5,250000,692676,1000000,2770704,exp000_sess000_run000:seg00:slot000030
exp0_000030_rxg20_1_fulltrim:q1,exp000_sess000_run000:seg00:slot000030,exp000_sess000_run000,30,30,ota/exp0_000030_rxg20_1_fulltrim.cfile,reference/signalout_000030_fulltrim.cfile,1,1,3,1.5,250000,692676,1000000,2770704,exp000_sess000_run000:seg00:slot000030
exp0_000030_rxg20_1_fulltrim:q2,exp000_sess000_run000:seg00:slot000030,exp000_sess000_run000,30,30,ota/exp0_000030_rxg20_1_fulltrim.cfile,reference/signalout_000030_fulltrim.cfile,1,2,5,2.5,250000,692676,1000000,2770704,exp000_sess000_run000:seg00:slot000030
exp0_000030_rxg20_1_fulltrim:q3,exp000_sess000_run000:seg00:slot000030,exp000_sess000_run000,30,30,ota/exp0_000030_rxg20_1_fulltrim.cfile,reference/signalout_000030_fulltrim.cfile,1,3,7,3.5,250000,692676,1000000,2770704,exp000_sess000_run000:seg00:slot000030
exp0_000031_rxg20_0_fulltrim:q0,exp000_sess000_run000:seg00:slot000031,exp000_sess000_run000,31,31,ota/exp0_000031_rxg20_0_fulltrim.cfile,reference/signalout_000031_fulltrim.cfile,0,0,0,0.0,250000,692676,1000000,2770704,exp000_sess000_run000:seg00:slot000031
exp0_000031_rxg20_0_fulltrim:q1,exp000_sess000_run000:seg00:slot000031,exp000_sess000_run000,31,31,ota/exp0_000031_rxg20_0_fulltrim.cfile,reference/signalout_000031_fulltrim.cfile,0,1,2,1.0,250000,692676,1000000,2770704,exp000_sess000_run000:seg00:slot000031
exp0_000031_rxg20_0_fulltrim:q2,exp000_sess000_run000:seg00:slot000031,exp000_sess000_run000,31,31,ota/exp0_000031_rxg20_0_fulltrim.cfile,reference/signalout_000031_fulltrim.cfile,0,2,4,2.0,250000,692676,1000000,2770704,exp000_sess000_run000:seg00:slot000031
exp0_000031_rxg20_0_fulltrim:q3,exp000_sess000_run000:seg00:slot000031,exp000_sess000_run000,31,31,ota/exp0_000031_rxg20_0_fulltrim.cfile,reference/signalout_000031_fulltrim.cfile,0,3,6,3.0,250000,692676,1000000,2770704,exp000_sess000_run000:seg00:slot000031
exp0_000031_rxg20_1_fulltrim:q0,exp000_sess000_run000:seg00:slot000031,exp000_sess000_run000,31,31,ota/exp0_000031_rxg20_1_fulltrim.cfile,reference/signalout_000031_fulltrim.cfile,1,0,1,0.5,250000,692676,1000000,2770704,exp000_sess000_run000:seg00:slot000031
exp0_000031_rxg20_1_fulltrim:q1,exp000_sess000_run000:seg00:slot000031,exp000_sess000_run000,31,31,ota/exp0_000031_rxg20_1_fulltrim.cfile,reference/signalout_000031_fulltrim.cfile,1,1,3,1.5,250000,692676,1000000,2770704,exp000_sess000_run000:seg00:slot000031
exp0_000031_rxg20_1_fulltrim:q2,exp000_sess000_run000:seg00:slot000031,exp000_sess000_run000,31,31,ota/exp0_000031_rxg20_1_fulltrim.cfile,reference/signalout_000031_fulltrim.cfile,1,2,5,2.5,250000,692676,1000000,2770704,exp000_sess000_run000:seg00:slot000031
exp0_000031_rxg20_1_fulltrim:q3,exp000_sess000_run000:seg00:slot000031,exp000_sess000_run000,31,31,ota/exp0_000031_rxg20_1_fulltrim.cfile,reference/signalout_000031_fulltrim.cfile,1,3,7,3.5,250000,692676,1000000,2770704,exp000_sess000_run000:seg00:slot000031
exp0_000032_rxg20_0_fulltrim:q0,exp000_sess000_run000:seg00:slot000032,exp000_sess000_run000,32,32,ota/exp0_000032_rxg20_0_fulltrim.cfile,reference/signalout_000032_fulltrim.cfile,0,0,0,0.0,250000,692676,1000000,2770704,exp000_sess000_run000:seg00:slot000032
exp0_000032_rxg20_0_fulltrim:q1,exp000_sess000_run000:seg00:slot000032,exp000_sess000_run000,32,32,ota/exp0_000032_rxg20_0_fulltrim.cfile,reference/signalout_000032_fulltrim.cfile,0,1,2,1.0,250000,692676,1000000,2770704,exp000_sess000_run000:seg00:slot000032
exp0_000032_rxg20_0_fulltrim:q2,exp000_sess000_run000:seg00:slot000032,exp000_sess000_run000,32,32,ota/exp0_000032_rxg20_0_fulltrim.cfile,reference/signalout_000032_fulltrim.cfile,0,2,4,2.0,250000,692676,1000000,2770704,exp000_sess000_run000:seg00:slot000032
exp0_000032_rxg20_0_fulltrim:q3,exp000_sess000_run000:seg00:slot000032,exp000_sess000_run000,32,32,ota/exp0_000032_rxg20_0_fulltrim.cfile,reference/signalout_000032_fulltrim.cfile,0,3,6,3.0,250000,692676,1000000,2770704,exp000_sess000_run000:seg00:slot000032
exp0_000032_rxg20_1_fulltrim:q0,exp000_sess000_run000:seg00:slot000032,exp000_sess000_run000,32,32,ota/exp0_000032_rxg20_1_fulltrim.cfile,reference/signalout_000032_fulltrim.cfile,1,0,1,0.5,250000,692676,1000000,2770704,exp000_sess000_run000:seg00:slot000032
exp0_000032_rxg20_1_fulltrim:q1,exp000_sess000_run000:seg00:slot000032,exp000_sess000_run000,32,32,ota/exp0_000032_rxg20_1_fulltrim.cfile,reference/signalout_000032_fulltrim.cfile,1,1,3,1.5,250000,692676,1000000,2770704,exp000_sess000_run000:seg00:slot000032
exp0_000032_rxg20_1_fulltrim:q2,exp000_sess000_run000:seg00:slot000032,exp000_sess000_run000,32,32,ota/exp0_000032_rxg20_1_fulltrim.cfile,reference/signalout_000032_fulltrim.cfile,1,2,5,2.5,250000,692676,1000000,2770704,exp000_sess000_run000:seg00:slot000032
exp0_000032_rxg20_1_fulltrim:q3,exp000_sess000_run000:seg00:slot000032,exp000_sess000_run000,32,32,ota/exp0_000032_rxg20_1_fulltrim.cfile,reference/signalout_000032_fulltrim.cfile,1,3,7,3.5,250000,692676,1000000,2770704,exp000_sess000_run000:seg00:slot000032
exp0_000033_rxg20_0_fulltrim:q0,exp000_sess000_run000:seg00:slot000033,exp000_sess000_run000,33,33,ota/exp0_000033_rxg20_0_fulltrim.cfile,reference/signalout_000033_fulltrim.cfile,0,0,0,0.0,250000,692676,1000000,2770704,exp000_sess000_run000:seg00:slot000033
exp0_000033_rxg20_0_fulltrim:q1,exp000_sess000_run000:seg00:slot000033,exp000_sess000_run000,33,33,ota/exp0_000033_rxg20_0_fulltrim.cfile,reference/signalout_000033_fulltrim.cfile,0,1,2,1.0,250000,692676,1000000,2770704,exp000_sess000_run000:seg00:slot000033
exp0_000033_rxg20_0_fulltrim:q2,exp000_sess000_run000:seg00:slot000033,exp000_sess000_run000,33,33,ota/exp0_000033_rxg20_0_fulltrim.cfile,reference/signalout_000033_fulltrim.cfile,0,2,4,2.0,250000,692676,1000000,2770704,exp000_sess000_run000:seg00:slot000033
exp0_000033_rxg20_0_fulltrim:q3,exp000_sess000_run000:seg00:slot000033,exp000_sess000_run000,33,33,ota/exp0_000033_rxg20_0_fulltrim.cfile,reference/signalout_000033_fulltrim.cfile,0,3,6,3.0,250000,692676,1000000,2770704,exp000_sess000_run000:seg00:slot000033
exp0_000033_rxg20_1_fulltrim:q0,exp000_sess000_run000:seg00:slot000033,exp000_sess000_run000,33,33,ota/exp0_000033_rxg20_1_fulltrim.cfile,reference/signalout_000033_fulltrim.cfile,1,0,1,0.5,250000,692676,1000000,2770704,exp000_sess000_run000:seg00:slot000033
exp0_000033_rxg20_1_fulltrim:q1,exp000_sess000_run000:seg00:slot000033,exp000_sess000_run000,33,33,ota/exp0_000033_rxg20_1_fulltrim.cfile,reference/signalout_000033_fulltrim.cfile,1,1,3,1.5,250000,692676,1000000,2770704,exp000_sess000_run000:seg00:slot000033
exp0_000033_rxg20_1_fulltrim:q2,exp000_sess000_run000:seg00:slot000033,exp000_sess000_run000,33,33,ota/exp0_000033_rxg20_1_fulltrim.cfile,reference/signalout_000033_fulltrim.cfile,1,2,5,2.5,250000,692676,1000000,2770704,exp000_sess000_run000:seg00:slot000033
exp0_000033_rxg20_1_fulltrim:q3,exp000_sess000_run000:seg00:slot000033,exp000_sess000_run000,33,33,ota/exp0_000033_rxg20_1_fulltrim.cfile,reference/signalout_000033_fulltrim.cfile,1,3,7,3.5,250000,692676,1000000,2770704,exp000_sess000_run000:seg00:slot000033
exp0_000034_rxg20_0_fulltrim:q0,exp000_sess000_run000:seg00:slot000034,exp000_sess000_run000,34,34,ota/exp0_000034_rxg20_0_fulltrim.cfile,reference/signalout_000034_fulltrim.cfile,0,0,0,0.0,250000,692676,1000000,2770704,exp000_sess000_run000:seg00:slot000034
exp0_000034_rxg20_0_fulltrim:q1,exp000_sess000_run000:seg00:slot000034,exp000_sess000_run000,34,34,ota/exp0_000034_rxg20_0_fulltrim.cfile,reference/signalout_000034_fulltrim.cfile,0,1,2,1.0,250000,692676,1000000,2770704,exp000_sess000_run000:seg00:slot000034
exp0_000034_rxg20_0_fulltrim:q2,exp000_sess000_run000:seg00:slot000034,exp000_sess000_run000,34,34,ota/exp0_000034_rxg20_0_fulltrim.cfile,reference/signalout_000034_fulltrim.cfile,0,2,4,2.0,250000,692676,1000000,2770704,exp000_sess000_run000:seg00:slot000034
exp0_000034_rxg20_0_fulltrim:q3,exp000_sess000_run000:seg00:slot000034,exp000_sess000_run000,34,34,ota/exp0_000034_rxg20_0_fulltrim.cfile,reference/signalout_000034_fulltrim.cfile,0,3,6,3.0,250000,692676,1000000,2770704,exp000_sess000_run000:seg00:slot000034
exp0_000034_rxg20_1_fulltrim:q0,exp000_sess000_run000:seg00:slot000034,exp000_sess000_run000,34,34,ota/exp0_000034_rxg20_1_fulltrim.cfile,reference/signalout_000034_fulltrim.cfile,1,0,1,0.5,250000,692676,1000000,2770704,exp000_sess000_run000:seg00:slot000034
exp0_000034_rxg20_1_fulltrim:q1,exp000_sess000_run000:seg00:slot000034,exp000_sess000_run000,34,34,ota/exp0_000034_rxg20_1_fulltrim.cfile,reference/signalout_000034_fulltrim.cfile,1,1,3,1.5,250000,692676,1000000,2770704,exp000_sess000_run000:seg00:slot000034
exp0_000034_rxg20_1_fulltrim:q2,exp000_sess000_run000:seg00:slot000034,exp000_sess000_run000,34,34,ota/exp0_000034_rxg20_1_fulltrim.cfile,reference/signalout_000034_fulltrim.cfile,1,2,5,2.5,250000,692676,1000000,2770704,exp000_sess000_run000:seg00:slot000034
exp0_000034_rxg20_1_fulltrim:q3,exp000_sess000_run000:seg00:slot000034,exp000_sess000_run000,34,34,ota/exp0_000034_rxg20_1_fulltrim.cfile,reference/signalout_000034_fulltrim.cfile,1,3,7,3.5,250000,692676,1000000,2770704,exp000_sess000_run000:seg00:slot000034
exp0_000035_rxg20_0_fulltrim:q0,exp000_sess000_run000:seg00:slot000035,exp000_sess000_run000,35,35,ota/exp0_000035_rxg20_0_fulltrim.cfile,reference/signalout_000035_fulltrim.cfile,0,0,0,0.0,250000,692676,1000000,2770704,exp000_sess000_run000:seg00:slot000035
exp0_000035_rxg20_0_fulltrim:q1,exp000_sess000_run000:seg00:slot000035,exp000_sess000_run000,35,35,ota/exp0_000035_rxg20_0_fulltrim.cfile,reference/signalout_000035_fulltrim.cfile,0,1,2,1.0,250000,692676,1000000,2770704,exp000_sess000_run000:seg00:slot000035
exp0_000035_rxg20_0_fulltrim:q2,exp000_sess000_run000:seg00:slot000035,exp000_sess000_run000,35,35,ota/exp0_000035_rxg20_0_fulltrim.cfile,reference/signalout_000035_fulltrim.cfile,0,2,4,2.0,250000,692676,1000000,2770704,exp000_sess000_run000:seg00:slot000035
exp0_000035_rxg20_0_fulltrim:q3,exp000_sess000_run000:seg00:slot000035,exp000_sess000_run000,35,35,ota/exp0_000035_rxg20_0_fulltrim.cfile,reference/signalout_000035_fulltrim.cfile,0,3,6,3.0,250000,692676,1000000,2770704,exp000_sess000_run000:seg00:slot000035
exp0_000035_rxg20_1_fulltrim:q0,exp000_sess000_run000:seg00:slot000035,exp000_sess000_run000,35,35,ota/exp0_000035_rxg20_1_fulltrim.cfile,reference/signalout_000035_fulltrim.cfile,1,0,1,0.5,250000,692676,1000000,2770704,exp000_sess000_run000:seg00:slot000035
exp0_000035_rxg20_1_fulltrim:q1,exp000_sess000_run000:seg00:slot000035,exp000_sess000_run000,35,35,ota/exp0_000035_rxg20_1_fulltrim.cfile,reference/signalout_000035_fulltrim.cfile,1,1,3,1.5,250000,692676,1000000,2770704,exp000_sess000_run000:seg00:slot000035
exp0_000035_rxg20_1_fulltrim:q2,exp000_sess000_run000:seg00:slot000035,exp000_sess000_run000,35,35,ota/exp0_000035_rxg20_1_fulltrim.cfile,reference/signalout_000035_fulltrim.cfile,1,2,5,2.5,250000,692676,1000000,2770704,exp000_sess000_run000:seg00:slot000035
exp0_000035_rxg20_1_fulltrim:q3,exp000_sess000_run000:seg00:slot000035,exp000_sess000_run000,35,35,ota/exp0_000035_rxg20_1_fulltrim.cfile,reference/signalout_000035_fulltrim.cfile,1,3,7,3.5,250000,692676,1000000,2770704,exp000_sess000_run000:seg00:slot000035
exp0_000036_rxg20_0_fulltrim:q0,exp000_sess000_run000:seg00:slot000036,exp000_sess000_run000,36,36,ota/exp0_000036_rxg20_0_fulltrim.cfile,reference/signalout_000036_fulltrim.cfile,0,0,0,0.0,250000,692676,1000000,2770704,exp000_sess000_run000:seg00:slot000036
exp0_000036_rxg20_0_fulltrim:q1,exp000_sess000_run000:seg00:slot000036,exp000_sess000_run000,36,36,ota/exp0_000036_rxg20_0_fulltrim.cfile,reference/signalout_000036_fulltrim.cfile,0,1,2,1.0,250000,692676,1000000,2770704,exp000_sess000_run000:seg00:slot000036
exp0_000036_rxg20_0_fulltrim:q2,exp000_sess000_run000:seg00:slot000036,exp000_sess000_run000,36,36,ota/exp0_000036_rxg20_0_fulltrim.cfile,reference/signalout_000036_fulltrim.cfile,0,2,4,2.0,250000,692676,1000000,2770704,exp000_sess000_run000:seg00:slot000036
exp0_000036_rxg20_0_fulltrim:q3,exp000_sess000_run000:seg00:slot000036,exp000_sess000_run000,36,36,ota/exp0_000036_rxg20_0_fulltrim.cfile,reference/signalout_000036_fulltrim.cfile,0,3,6,3.0,250000,692676,1000000,2770704,exp000_sess000_run000:seg00:slot000036
exp0_000036_rxg20_1_fulltrim:q0,exp000_sess000_run000:seg00:slot000036,exp000_sess000_run000,36,36,ota/exp0_000036_rxg20_1_fulltrim.cfile,reference/signalout_000036_fulltrim.cfile,1,0,1,0.5,250000,692676,1000000,2770704,exp000_sess000_run000:seg00:slot000036
exp0_000036_rxg20_1_fulltrim:q1,exp000_sess000_run000:seg00:slot000036,exp000_sess000_run000,36,36,ota/exp0_000036_rxg20_1_fulltrim.cfile,reference/signalout_000036_fulltrim.cfile,1,1,3,1.5,250000,692676,1000000,2770704,exp000_sess000_run000:seg00:slot000036
exp0_000036_rxg20_1_fulltrim:q2,exp000_sess000_run000:seg00:slot000036,exp000_sess000_run000,36,36,ota/exp0_000036_rxg20_1_fulltrim.cfile,reference/signalout_000036_fulltrim.cfile,1,2,5,2.5,250000,692676,1000000,2770704,exp000_sess000_run000:seg00:slot000036
exp0_000036_rxg20_1_fulltrim:q3,exp000_sess000_run000:seg00:slot000036,exp000_sess000_run000,36,36,ota/exp0_000036_rxg20_1_fulltrim.cfile,reference/signalout_000036_fulltrim.cfile,1,3,7,3.5,250000,692676,1000000,2770704,exp000_sess000_run000:seg00:slot000036
exp0_000037_rxg20_0_fulltrim:q0,exp000_sess000_run000:seg00:slot000037,exp000_sess000_run000,37,37,ota/exp0_000037_rxg20_0_fulltrim.cfile,reference/signalout_000037_fulltrim.cfile,0,0,0,0.0,250000,692676,1000000,2770704,exp000_sess000_run000:seg00:slot000037
exp0_000037_rxg20_0_fulltrim:q1,exp000_sess000_run000:seg00:slot000037,exp000_sess000_run000,37,37,ota/exp0_000037_rxg20_0_fulltrim.cfile,reference/signalout_000037_fulltrim.cfile,0,1,2,1.0,250000,692676,1000000,2770704,exp000_sess000_run000:seg00:slot000037
exp0_000037_rxg20_0_fulltrim:q2,exp000_sess000_run000:seg00:slot000037,exp000_sess000_run000,37,37,ota/exp0_000037_rxg20_0_fulltrim.cfile,reference/signalout_000037_fulltrim.cfile,0,2,4,2.0,250000,692676,1000000,2770704,exp000_sess000_run000:seg00:slot000037
exp0_000037_rxg20_0_fulltrim:q3,exp000_sess000_run000:seg00:slot000037,exp000_sess000_run000,37,37,ota/exp0_000037_rxg20_0_fulltrim.cfile,reference/signalout_000037_fulltrim.cfile,0,3,6,3.0,250000,692676,1000000,2770704,exp000_sess000_run000:seg00:slot000037
exp0_000037_rxg20_1_fulltrim:q0,exp000_sess000_run000:seg00:slot000037,exp000_sess000_run000,37,37,ota/exp0_000037_rxg20_1_fulltrim.cfile,reference/signalout_000037_fulltrim.cfile,1,0,1,0.5,250000,692676,1000000,2770704,exp000_sess000_run000:seg00:slot000037
exp0_000037_rxg20_1_fulltrim:q1,exp000_sess000_run000:seg00:slot000037,exp000_sess000_run000,37,37,ota/exp0_000037_rxg20_1_fulltrim.cfile,reference/signalout_000037_fulltrim.cfile,1,1,3,1.5,250000,692676,1000000,2770704,exp000_sess000_run000:seg00:slot000037
exp0_000037_rxg20_1_fulltrim:q2,exp000_sess000_run000:seg00:slot000037,exp000_sess000_run000,37,37,ota/exp0_000037_rxg20_1_fulltrim.cfile,reference/signalout_000037_fulltrim.cfile,1,2,5,2.5,250000,692676,1000000,2770704,exp000_sess000_run000:seg00:slot000037
exp0_000037_rxg20_1_fulltrim:q3,exp000_sess000_run000:seg00:slot000037,exp000_sess000_run000,37,37,ota/exp0_000037_rxg20_1_fulltrim.cfile,reference/signalout_000037_fulltrim.cfile,1,3,7,3.5,250000,692676,1000000,2770704,exp000_sess000_run000:seg00:slot000037
exp0_000038_rxg20_0_fulltrim:q0,exp000_sess000_run000:seg00:slot000038,exp000_sess000_run000,38,38,ota/exp0_000038_rxg20_0_fulltrim.cfile,reference/signalout_000038_fulltrim.cfile,0,0,0,0.0,250000,692676,1000000,2770704,exp000_sess000_run000:seg00:slot000038
exp0_000038_rxg20_0_fulltrim:q1,exp000_sess000_run000:seg00:slot000038,exp000_sess000_run000,38,38,ota/exp0_000038_rxg20_0_fulltrim.cfile,reference/signalout_000038_fulltrim.cfile,0,1,2,1.0,250000,692676,1000000,2770704,exp000_sess000_run000:seg00:slot000038
exp0_000038_rxg20_0_fulltrim:q2,exp000_sess000_run000:seg00:slot000038,exp000_sess000_run000,38,38,ota/exp0_000038_rxg20_0_fulltrim.cfile,reference/signalout_000038_fulltrim.cfile,0,2,4,2.0,250000,692676,1000000,2770704,exp000_sess000_run000:seg00:slot000038
exp0_000038_rxg20_0_fulltrim:q3,exp000_sess000_run000:seg00:slot000038,exp000_sess000_run000,38,38,ota/exp0_000038_rxg20_0_fulltrim.cfile,reference/signalout_000038_fulltrim.cfile,0,3,6,3.0,250000,692676,1000000,2770704,exp000_sess000_run000:seg00:slot000038
exp0_000038_rxg20_1_fulltrim:q0,exp000_sess000_run000:seg00:slot000038,exp000_sess000_run000,38,38,ota/exp0_000038_rxg20_1_fulltrim.cfile,reference/signalout_000038_fulltrim.cfile,1,0,1,0.5,250000,692676,1000000,2770704,exp000_sess000_run000:seg00:slot000038
exp0_000038_rxg20_1_fulltrim:q1,exp000_sess000_run000:seg00:slot000038,exp000_sess000_run000,38,38,ota/exp0_000038_rxg20_1_fulltrim.cfile,reference/signalout_000038_fulltrim.cfile,1,1,3,1.5,250000,692676,1000000,2770704,exp000_sess000_run000:seg00:slot000038
exp0_000038_rxg20_1_fulltrim:q2,exp000_sess000_run000:seg00:slot000038,exp000_sess000_run000,38,38,ota/exp0_000038_rxg20_1_fulltrim.cfile,reference/signalout_000038_fulltrim.cfile,1,2,5,2.5,250000,692676,1000000,2770704,exp000_sess000_run000:seg00:slot000038
exp0_000038_rxg20_1_fulltrim:q3,exp000_sess000_run000:seg00:slot000038,exp000_sess000_run000,38,38,ota/exp0_000038_rxg20_1_fulltrim.cfile,reference/signalout_000038_fulltrim.cfile,1,3,7,3.5,250000,692676,1000000,2770704,exp000_sess000_run000:seg00:slot000038
exp0_000039_rxg20_0_fulltrim:q0,exp000_sess000_run000:seg00:slot000039,exp000_sess000_run000,39,39,ota/exp0_000039_rxg20_0_fulltrim.cfile,reference/signalout_000039_fulltrim.cfile,0,0,0,0.0,250000,692676,1000000,2770704,exp000_sess000_run000:seg00:slot000039
exp0_000039_rxg20_0_fulltrim:q1,exp000_sess000_run000:seg00:slot000039,exp000_sess000_run000,39,39,ota/exp0_000039_rxg20_0_fulltrim.cfile,reference/signalout_000039_fulltrim.cfile,0,1,2,1.0,250000,692676,1000000,2770704,exp000_sess000_run000:seg00:slot000039
exp0_000039_rxg20_0_fulltrim:q2,exp000_sess000_run000:seg00:slot000039,exp000_sess000_run000,39,39,ota/exp0_000039_rxg20_0_fulltrim.cfile,reference/signalout_000039_fulltrim.cfile,0,2,4,2.0,250000,692676,1000000,2770704,exp000_sess000_run000:seg00:slot000039
exp0_000039_rxg20_0_fulltrim:q3,exp000_sess000_run000:seg00:slot000039,exp000_sess000_run000,39,39,ota/exp0_000039_rxg20_0_fulltrim.cfile,reference/signalout_000039_fulltrim.cfile,0,3,6,3.0,250000,692676,1000000,2770704,exp000_sess000_run000:seg00:slot000039
exp0_000039_rxg20_1_fulltrim:q0,exp000_sess000_run000:seg00:slot000039,exp000_sess000_run000,39,39,ota/exp0_000039_rxg20_1_fulltrim.cfile,reference/signalout_000039_fulltrim.cfile,1,0,1,0.5,250000,692676,1000000,2770704,exp000_sess000_run000:seg00:slot000039
exp0_000039_rxg20_1_fulltrim:q1,exp000_sess000_run000:seg00:slot000039,exp000_sess000_run000,39,39,ota/exp0_000039_rxg20_1_fulltrim.cfile,reference/signalout_000039_fulltrim.cfile,1,1,3,1.5,250000,692676,1000000,2770704,exp000_sess000_run000:seg00:slot000039
exp0_000039_rxg20_1_fulltrim:q2,exp000_sess000_run000:seg00:slot000039,exp000_sess000_run000,39,39,ota/exp0_000039_rxg20_1_fulltrim.cfile,reference/signalout_000039_fulltrim.cfile,1,2,5,2.5,250000,692676,1000000,2770704,exp000_sess000_run000:seg00:slot000039
exp0_000039_rxg20_1_fulltrim:q3,exp000_sess000_run000:seg00:slot000039,exp000_sess000_run000,39,39,ota/exp0_000039_rxg20_1_fulltrim.cfile,reference/signalout_000039_fulltrim.cfile,1,3,7,3.5,250000,692676,1000000,2770704,exp000_sess000_run000:seg00:slot000039
exp0_000040_rxg20_0_fulltrim:q0,exp000_sess000_run000:seg00:slot000040,exp000_sess000_run000,40,40,ota/exp0_000040_rxg20_0_fulltrim.cfile,reference/signalout_000040_fulltrim.cfile,0,0,0,0.0,250000,692676,1000000,2770704,exp000_sess000_run000:seg00:slot000040
exp0_000040_rxg20_0_fulltrim:q1,exp000_sess000_run000:seg00:slot000040,exp000_sess000_run000,40,40,ota/exp0_000040_rxg20_0_fulltrim.cfile,reference/signalout_000040_fulltrim.cfile,0,1,2,1.0,250000,692676,1000000,2770704,exp000_sess000_run000:seg00:slot000040
exp0_000040_rxg20_0_fulltrim:q2,exp000_sess000_run000:seg00:slot000040,exp000_sess000_run000,40,40,ota/exp0_000040_rxg20_0_fulltrim.cfile,reference/signalout_000040_fulltrim.cfile,0,2,4,2.0,250000,692676,1000000,2770704,exp000_sess000_run000:seg00:slot000040
exp0_000040_rxg20_0_fulltrim:q3,exp000_sess000_run000:seg00:slot000040,exp000_sess000_run000,40,40,ota/exp0_000040_rxg20_0_fulltrim.cfile,reference/signalout_000040_fulltrim.cfile,0,3,6,3.0,250000,692676,1000000,2770704,exp000_sess000_run000:seg00:slot000040
exp0_000040_rxg20_1_fulltrim:q0,exp000_sess000_run000:seg00:slot000040,exp000_sess000_run000,40,40,ota/exp0_000040_rxg20_1_fulltrim.cfile,reference/signalout_000040_fulltrim.cfile,1,0,1,0.5,250000,692676,1000000,2770704,exp000_sess000_run000:seg00:slot000040
exp0_000040_rxg20_1_fulltrim:q1,exp000_sess000_run000:seg00:slot000040,exp000_sess000_run000,40,40,ota/exp0_000040_rxg20_1_fulltrim.cfile,reference/signalout_000040_fulltrim.cfile,1,1,3,1.5,250000,692676,1000000,2770704,exp000_sess000_run000:seg00:slot000040
exp0_000040_rxg20_1_fulltrim:q2,exp000_sess000_run000:seg00:slot000040,exp000_sess000_run000,40,40,ota/exp0_000040_rxg20_1_fulltrim.cfile,reference/signalout_000040_fulltrim.cfile,1,2,5,2.5,250000,692676,1000000,2770704,exp000_sess000_run000:seg00:slot000040
exp0_000040_rxg20_1_fulltrim:q3,exp000_sess000_run000:seg00:slot000040,exp000_sess000_run000,40,40,ota/exp0_000040_rxg20_1_fulltrim.cfile,reference/signalout_000040_fulltrim.cfile,1,3,7,3.5,250000,692676,1000000,2770704,exp000_sess000_run000:seg00:slot000040
exp0_000041_rxg20_0_fulltrim:q0,exp000_sess000_run000:seg00:slot000041,exp000_sess000_run000,41,41,ota/exp0_000041_rxg20_0_fulltrim.cfile,reference/signalout_000041_fulltrim.cfile,0,0,0,0.0,250000,692676,1000000,2770704,exp000_sess000_run000:seg00:slot000041
exp0_000041_rxg20_0_fulltrim:q1,exp000_sess000_run000:seg00:slot000041,exp000_sess000_run000,41,41,ota/exp0_000041_rxg20_0_fulltrim.cfile,reference/signalout_000041_fulltrim.cfile,0,1,2,1.0,250000,692676,1000000,2770704,exp000_sess000_run000:seg00:slot000041
exp0_000041_rxg20_0_fulltrim:q2,exp000_sess000_run000:seg00:slot000041,exp000_sess000_run000,41,41,ota/exp0_000041_rxg20_0_fulltrim.cfile,reference/signalout_000041_fulltrim.cfile,0,2,4,2.0,250000,692676,1000000,2770704,exp000_sess000_run000:seg00:slot000041
exp0_000041_rxg20_0_fulltrim:q3,exp000_sess000_run000:seg00:slot000041,exp000_sess000_run000,41,41,ota/exp0_000041_rxg20_0_fulltrim.cfile,reference/signalout_000041_fulltrim.cfile,0,3,6,3.0,250000,692676,1000000,2770704,exp000_sess000_run000:seg00:slot000041
exp0_000041_rxg20_1_fulltrim:q0,exp000_sess000_run000:seg00:slot000041,exp000_sess000_run000,41,41,ota/exp0_000041_rxg20_1_fulltrim.cfile,reference/signalout_000041_fulltrim.cfile,1,0,1,0.5,250000,692676,1000000,2770704,exp000_sess000_run000:seg00:slot000041
exp0_000041_rxg20_1_fulltrim:q1,exp000_sess000_run000:seg00:slot000041,exp000_sess000_run000,41,41,ota/exp0_000041_rxg20_1_fulltrim.cfile,reference/signalout_000041_fulltrim.cfile,1,1,3,1.5,250000,692676,1000000,2770704,exp000_sess000_run000:seg00:slot000041
exp0_000041_rxg20_1_fulltrim:q2,exp000_sess000_run000:seg00:slot000041,exp000_sess000_run000,41,41,ota/exp0_000041_rxg20_1_fulltrim.cfile,reference/signalout_000041_fulltrim.cfile,1,2,5,2.5,250000,692676,1000000,2770704,exp000_sess000_run000:seg00:slot000041
exp0_000041_rxg20_1_fulltrim:q3,exp000_sess000_run000:seg00:slot000041,exp000_sess000_run000,41,41,ota/exp0_000041_rxg20_1_fulltrim.cfile,reference/signalout_000041_fulltrim.cfile,1,3,7,3.5,250000,692676,1000000,2770704,exp000_sess000_run000:seg00:slot000041
exp0_000042_rxg20_0_fulltrim:q0,exp000_sess000_run000:seg00:slot000042,exp000_sess000_run000,42,42,ota/exp0_000042_rxg20_0_fulltrim.cfile,reference/signalout_000042_fulltrim.cfile,0,0,0,0.0,250000,692676,1000000,2770704,exp000_sess000_run000:seg00:slot000042
exp0_000042_rxg20_0_fulltrim:q1,exp000_sess000_run000:seg00:slot000042,exp000_sess000_run000,42,42,ota/exp0_000042_rxg20_0_fulltrim.cfile,reference/signalout_000042_fulltrim.cfile,0,1,2,1.0,250000,692676,1000000,2770704,exp000_sess000_run000:seg00:slot000042
exp0_000042_rxg20_0_fulltrim:q2,exp000_sess000_run000:seg00:slot000042,exp000_sess000_run000,42,42,ota/exp0_000042_rxg20_0_fulltrim.cfile,reference/signalout_000042_fulltrim.cfile,0,2,4,2.0,250000,692676,1000000,2770704,exp000_sess000_run000:seg00:slot000042
exp0_000042_rxg20_0_fulltrim:q3,exp000_sess000_run000:seg00:slot000042,exp000_sess000_run000,42,42,ota/exp0_000042_rxg20_0_fulltrim.cfile,reference/signalout_000042_fulltrim.cfile,0,3,6,3.0,250000,692676,1000000,2770704,exp000_sess000_run000:seg00:slot000042
exp0_000042_rxg20_1_fulltrim:q0,exp000_sess000_run000:seg00:slot000042,exp000_sess000_run000,42,42,ota/exp0_000042_rxg20_1_fulltrim.cfile,reference/signalout_000042_fulltrim.cfile,1,0,1,0.5,250000,692676,1000000,2770704,exp000_sess000_run000:seg00:slot000042
exp0_000042_rxg20_1_fulltrim:q1,exp000_sess000_run000:seg00:slot000042,exp000_sess000_run000,42,42,ota/exp0_000042_rxg20_1_fulltrim.cfile,reference/signalout_000042_fulltrim.cfile,1,1,3,1.5,250000,692676,1000000,2770704,exp000_sess000_run000:seg00:slot000042
exp0_000042_rxg20_1_fulltrim:q2,exp000_sess000_run000:seg00:slot000042,exp000_sess000_run000,42,42,ota/exp0_000042_rxg20_1_fulltrim.cfile,reference/signalout_000042_fulltrim.cfile,1,2,5,2.5,250000,692676,1000000,2770704,exp000_sess000_run000:seg00:slot000042
exp0_000042_rxg20_1_fulltrim:q3,exp000_sess000_run000:seg00:slot000042,exp000_sess000_run000,42,42,ota/exp0_000042_rxg20_1_fulltrim.cfile,reference/signalout_000042_fulltrim.cfile,1,3,7,3.5,250000,692676,1000000,2770704,exp000_sess000_run000:seg00:slot000042
exp0_000043_rxg20_0_fulltrim:q0,exp000_sess000_run000:seg00:slot000043,exp000_sess000_run000,43,43,ota/exp0_000043_rxg20_0_fulltrim.cfile,reference/signalout_000043_fulltrim.cfile,0,0,0,0.0,250000,692676,1000000,2770704,exp000_sess000_run000:seg00:slot000043
exp0_000043_rxg20_0_fulltrim:q1,exp000_sess000_run000:seg00:slot000043,exp000_sess000_run000,43,43,ota/exp0_000043_rxg20_0_fulltrim.cfile,reference/signalout_000043_fulltrim.cfile,0,1,2,1.0,250000,692676,1000000,2770704,exp000_sess000_run000:seg00:slot000043
exp0_000043_rxg20_0_fulltrim:q2,exp000_sess000_run000:seg00:slot000043,exp000_sess000_run000,43,43,ota/exp0_000043_rxg20_0_fulltrim.cfile,reference/signalout_000043_fulltrim.cfile,0,2,4,2.0,250000,692676,1000000,2770704,exp000_sess000_run000:seg00:slot000043
exp0_000043_rxg20_0_fulltrim:q3,exp000_sess000_run000:seg00:slot000043,exp000_sess000_run000,43,43,ota/exp0_000043_rxg20_0_fulltrim.cfile,reference/signalout_000043_fulltrim.cfile,0,3,6,3.0,250000,692676,1000000,2770704,exp000_sess000_run000:seg00:slot000043
exp0_000043_rxg20_1_fulltrim:q0,exp000_sess000_run000:seg00:slot000043,exp000_sess000_run000,43,43,ota/exp0_000043_rxg20_1_fulltrim.cfile,reference/signalout_000043_fulltrim.cfile,1,0,1,0.5,250000,692676,1000000,2770704,exp000_sess000_run000:seg00:slot000043
exp0_000043_rxg20_1_fulltrim:q1,exp000_sess000_run000:seg00:slot000043,exp000_sess000_run000,43,43,ota/exp0_000043_rxg20_1_fulltrim.cfile,reference/signalout_000043_fulltrim.cfile,1,1,3,1.5,250000,692676,1000000,2770704,exp000_sess000_run000:seg00:slot000043
exp0_000043_rxg20_1_fulltrim:q2,exp000_sess000_run000:seg00:slot000043,exp000_sess000_run000,43,43,ota/exp0_000043_rxg20_1_fulltrim.cfile,reference/signalout_000043_fulltrim.cfile,1,2,5,2.5,250000,692676,1000000,2770704,exp000_sess000_run000:seg00:slot000043
exp0_000043_rxg20_1_fulltrim:q3,exp000_sess000_run000:seg00:slot000043,exp000_sess000_run000,43,43,ota/exp0_000043_rxg20_1_fulltrim.cfile,reference/signalout_000043_fulltrim.cfile,1,3,7,3.5,250000,692676,1000000,2770704,exp000_sess000_run000:seg00:slot000043
exp0_000044_rxg20_0_fulltrim:q0,exp000_sess000_run000:seg00:slot000044,exp000_sess000_run000,44,44,ota/exp0_000044_rxg20_0_fulltrim.cfile,reference/signalout_000044_fulltrim.cfile,0,0,0,0.0,250000,692676,1000000,2770704,exp000_sess000_run000:seg00:slot000044
exp0_000044_rxg20_0_fulltrim:q1,exp000_sess000_run000:seg00:slot000044,exp000_sess000_run000,44,44,ota/exp0_000044_rxg20_0_fulltrim.cfile,reference/signalout_000044_fulltrim.cfile,0,1,2,1.0,250000,692676,1000000,2770704,exp000_sess000_run000:seg00:slot000044
exp0_000044_rxg20_0_fulltrim:q2,exp000_sess000_run000:seg00:slot000044,exp000_sess000_run000,44,44,ota/exp0_000044_rxg20_0_fulltrim.cfile,reference/signalout_000044_fulltrim.cfile,0,2,4,2.0,250000,692676,1000000,2770704,exp000_sess000_run000:seg00:slot000044
exp0_000044_rxg20_0_fulltrim:q3,exp000_sess000_run000:seg00:slot000044,exp000_sess000_run000,44,44,ota/exp0_000044_rxg20_0_fulltrim.cfile,reference/signalout_000044_fulltrim.cfile,0,3,6,3.0,250000,692676,1000000,2770704,exp000_sess000_run000:seg00:slot000044
exp0_000044_rxg20_1_fulltrim:q0,exp000_sess000_run000:seg00:slot000044,exp000_sess000_run000,44,44,ota/exp0_000044_rxg20_1_fulltrim.cfile,reference/signalout_000044_fulltrim.cfile,1,0,1,0.5,250000,692676,1000000,2770704,exp000_sess000_run000:seg00:slot000044
exp0_000044_rxg20_1_fulltrim:q1,exp000_sess000_run000:seg00:slot000044,exp000_sess000_run000,44,44,ota/exp0_000044_rxg20_1_fulltrim.cfile,reference/signalout_000044_fulltrim.cfile,1,1,3,1.5,250000,692676,1000000,2770704,exp000_sess000_run000:seg00:slot000044
exp0_000044_rxg20_1_fulltrim:q2,exp000_sess000_run000:seg00:slot000044,exp000_sess000_run000,44,44,ota/exp0_000044_rxg20_1_fulltrim.cfile,reference/signalout_000044_fulltrim.cfile,1,2,5,2.5,250000,692676,1000000,2770704,exp000_sess000_run000:seg00:slot000044
exp0_000044_rxg20_1_fulltrim:q3,exp000_sess000_run000:seg00:slot000044,exp000_sess000_run000,44,44,ota/exp0_000044_rxg20_1_fulltrim.cfile,reference/signalout_000044_fulltrim.cfile,1,3,7,3.5,250000,692676,1000000,2770704,exp000_sess000_run000:seg00:slot000044
exp0_000045_rxg20_0_fulltrim:q0,exp000_sess000_run000:seg00:slot000045,exp000_sess000_run000,45,45,ota/exp0_000045_rxg20_0_fulltrim.cfile,reference/signalout_000045_fulltrim.cfile,0,0,0,0.0,250000,692676,1000000,2770704,exp000_sess000_run000:seg00:slot000045
exp0_000045_rxg20_0_fulltrim:q1,exp000_sess000_run000:seg00:slot000045,exp000_sess000_run000,45,45,ota/exp0_000045_rxg20_0_fulltrim.cfile,reference/signalout_000045_fulltrim.cfile,0,1,2,1.0,250000,692676,1000000,2770704,exp000_sess000_run000:seg00:slot000045
exp0_000045_rxg20_0_fulltrim:q2,exp000_sess000_run000:seg00:slot000045,exp000_sess000_run000,45,45,ota/exp0_000045_rxg20_0_fulltrim.cfile,reference/signalout_000045_fulltrim.cfile,0,2,4,2.0,250000,692676,1000000,2770704,exp000_sess000_run000:seg00:slot000045
exp0_000045_rxg20_0_fulltrim:q3,exp000_sess000_run000:seg00:slot000045,exp000_sess000_run000,45,45,ota/exp0_000045_rxg20_0_fulltrim.cfile,reference/signalout_000045_fulltrim.cfile,0,3,6,3.0,250000,692676,1000000,2770704,exp000_sess000_run000:seg00:slot000045
exp0_000045_rxg20_1_fulltrim:q0,exp000_sess000_run000:seg00:slot000045,exp000_sess000_run000,45,45,ota/exp0_000045_rxg20_1_fulltrim.cfile,reference/signalout_000045_fulltrim.cfile,1,0,1,0.5,250000,692676,1000000,2770704,exp000_sess000_run000:seg00:slot000045
exp0_000045_rxg20_1_fulltrim:q1,exp000_sess000_run000:seg00:slot000045,exp000_sess000_run000,45,45,ota/exp0_000045_rxg20_1_fulltrim.cfile,reference/signalout_000045_fulltrim.cfile,1,1,3,1.5,250000,692676,1000000,2770704,exp000_sess000_run000:seg00:slot000045
exp0_000045_rxg20_1_fulltrim:q2,exp000_sess000_run000:seg00:slot000045,exp000_sess000_run000,45,45,ota/exp0_000045_rxg20_1_fulltrim.cfile,reference/signalout_000045_fulltrim.cfile,1,2,5,2.5,250000,692676,1000000,2770704,exp000_sess000_run000:seg00:slot000045
exp0_000045_rxg20_1_fulltrim:q3,exp000_sess000_run000:seg00:slot000045,exp000_sess000_run000,45,45,ota/exp0_000045_rxg20_1_fulltrim.cfile,reference/signalout_000045_fulltrim.cfile,1,3,7,3.5,250000,692676,1000000,2770704,exp000_sess000_run000:seg00:slot000045
exp0_000046_rxg20_0_fulltrim:q0,exp000_sess000_run000:seg00:slot000046,exp000_sess000_run000,46,46,ota/exp0_000046_rxg20_0_fulltrim.cfile,reference/signalout_000046_fulltrim.cfile,0,0,0,0.0,250000,692676,1000000,2770704,exp000_sess000_run000:seg00:slot000046
exp0_000046_rxg20_0_fulltrim:q1,exp000_sess000_run000:seg00:slot000046,exp000_sess000_run000,46,46,ota/exp0_000046_rxg20_0_fulltrim.cfile,reference/signalout_000046_fulltrim.cfile,0,1,2,1.0,250000,692676,1000000,2770704,exp000_sess000_run000:seg00:slot000046
exp0_000046_rxg20_0_fulltrim:q2,exp000_sess000_run000:seg00:slot000046,exp000_sess000_run000,46,46,ota/exp0_000046_rxg20_0_fulltrim.cfile,reference/signalout_000046_fulltrim.cfile,0,2,4,2.0,250000,692676,1000000,2770704,exp000_sess000_run000:seg00:slot000046
exp0_000046_rxg20_0_fulltrim:q3,exp000_sess000_run000:seg00:slot000046,exp000_sess000_run000,46,46,ota/exp0_000046_rxg20_0_fulltrim.cfile,reference/signalout_000046_fulltrim.cfile,0,3,6,3.0,250000,692676,1000000,2770704,exp000_sess000_run000:seg00:slot000046
exp0_000046_rxg20_1_fulltrim:q0,exp000_sess000_run000:seg00:slot000046,exp000_sess000_run000,46,46,ota/exp0_000046_rxg20_1_fulltrim.cfile,reference/signalout_000046_fulltrim.cfile,1,0,1,0.5,250000,692676,1000000,2770704,exp000_sess000_run000:seg00:slot000046
exp0_000046_rxg20_1_fulltrim:q1,exp000_sess000_run000:seg00:slot000046,exp000_sess000_run000,46,46,ota/exp0_000046_rxg20_1_fulltrim.cfile,reference/signalout_000046_fulltrim.cfile,1,1,3,1.5,250000,692676,1000000,2770704,exp000_sess000_run000:seg00:slot000046
exp0_000046_rxg20_1_fulltrim:q2,exp000_sess000_run000:seg00:slot000046,exp000_sess000_run000,46,46,ota/exp0_000046_rxg20_1_fulltrim.cfile,reference/signalout_000046_fulltrim.cfile,1,2,5,2.5,250000,692676,1000000,2770704,exp000_sess000_run000:seg00:slot000046
exp0_000046_rxg20_1_fulltrim:q3,exp000_sess000_run000:seg00:slot000046,exp000_sess000_run000,46,46,ota/exp0_000046_rxg20_1_fulltrim.cfile,reference/signalout_000046_fulltrim.cfile,1,3,7,3.5,250000,692676,1000000,2770704,exp000_sess000_run000:seg00:slot000046
exp0_000047_rxg20_0_fulltrim:q0,exp000_sess000_run000:seg00:slot000047,exp000_sess000_run000,47,47,ota/exp0_000047_rxg20_0_fulltrim.cfile,reference/signalout_000047_fulltrim.cfile,0,0,0,0.0,250000,692676,1000000,2770704,exp000_sess000_run000:seg00:slot000047
exp0_000047_rxg20_0_fulltrim:q1,exp000_sess000_run000:seg00:slot000047,exp000_sess000_run000,47,47,ota/exp0_000047_rxg20_0_fulltrim.cfile,reference/signalout_000047_fulltrim.cfile,0,1,2,1.0,250000,692676,1000000,2770704,exp000_sess000_run000:seg00:slot000047
exp0_000047_rxg20_0_fulltrim:q2,exp000_sess000_run000:seg00:slot000047,exp000_sess000_run000,47,47,ota/exp0_000047_rxg20_0_fulltrim.cfile,reference/signalout_000047_fulltrim.cfile,0,2,4,2.0,250000,692676,1000000,2770704,exp000_sess000_run000:seg00:slot000047
exp0_000047_rxg20_0_fulltrim:q3,exp000_sess000_run000:seg00:slot000047,exp000_sess000_run000,47,47,ota/exp0_000047_rxg20_0_fulltrim.cfile,reference/signalout_000047_fulltrim.cfile,0,3,6,3.0,250000,692676,1000000,2770704,exp000_sess000_run000:seg00:slot000047
exp0_000047_rxg20_1_fulltrim:q0,exp000_sess000_run000:seg00:slot000047,exp000_sess000_run000,47,47,ota/exp0_000047_rxg20_1_fulltrim.cfile,reference/signalout_000047_fulltrim.cfile,1,0,1,0.5,250000,692676,1000000,2770704,exp000_sess000_run000:seg00:slot000047
exp0_000047_rxg20_1_fulltrim:q1,exp000_sess000_run000:seg00:slot000047,exp000_sess000_run000,47,47,ota/exp0_000047_rxg20_1_fulltrim.cfile,reference/signalout_000047_fulltrim.cfile,1,1,3,1.5,250000,692676,1000000,2770704,exp000_sess000_run000:seg00:slot000047
exp0_000047_rxg20_1_fulltrim:q2,exp000_sess000_run000:seg00:slot000047,exp000_sess000_run000,47,47,ota/exp0_000047_rxg20_1_fulltrim.cfile,reference/signalout_000047_fulltrim.cfile,1,2,5,2.5,250000,692676,1000000,2770704,exp000_sess000_run000:seg00:slot000047
exp0_000047_rxg20_1_fulltrim:q3,exp000_sess000_run000:seg00:slot000047,exp000_sess000_run000,47,47,ota/exp0_000047_rxg20_1_fulltrim.cfile,reference/signalout_000047_fulltrim.cfile,1,3,7,3.5,250000,692676,1000000,2770704,exp000_sess000_run000:seg00:slot000047
exp0_000048_rxg20_0_fulltrim:q0,exp000_sess000_run000:seg00:slot000048,exp000_sess000_run000,48,48,ota/exp0_000048_rxg20_0_fulltrim.cfile,reference/signalout_000048_fulltrim.cfile,0,0,0,0.0,250000,692676,1000000,2770704,exp000_sess000_run000:seg00:slot000048
exp0_000048_rxg20_0_fulltrim:q1,exp000_sess000_run000:seg00:slot000048,exp000_sess000_run000,48,48,ota/exp0_000048_rxg20_0_fulltrim.cfile,reference/signalout_000048_fulltrim.cfile,0,1,2,1.0,250000,692676,1000000,2770704,exp000_sess000_run000:seg00:slot000048
exp0_000048_rxg20_0_fulltrim:q2,exp000_sess000_run000:seg00:slot000048,exp000_sess000_run000,48,48,ota/exp0_000048_rxg20_0_fulltrim.cfile,reference/signalout_000048_fulltrim.cfile,0,2,4,2.0,250000,692676,1000000,2770704,exp000_sess000_run000:seg00:slot000048
exp0_000048_rxg20_0_fulltrim:q3,exp000_sess000_run000:seg00:slot000048,exp000_sess000_run000,48,48,ota/exp0_000048_rxg20_0_fulltrim.cfile,reference/signalout_000048_fulltrim.cfile,0,3,6,3.0,250000,692676,1000000,2770704,exp000_sess000_run000:seg00:slot000048
exp0_000048_rxg20_1_fulltrim:q0,exp000_sess000_run000:seg00:slot000048,exp000_sess000_run000,48,48,ota/exp0_000048_rxg20_1_fulltrim.cfile,reference/signalout_000048_fulltrim.cfile,1,0,1,0.5,250000,692676,1000000,2770704,exp000_sess000_run000:seg00:slot000048
exp0_000048_rxg20_1_fulltrim:q1,exp000_sess000_run000:seg00:slot000048,exp000_sess000_run000,48,48,ota/exp0_000048_rxg20_1_fulltrim.cfile,reference/signalout_000048_fulltrim.cfile,1,1,3,1.5,250000,692676,1000000,2770704,exp000_sess000_run000:seg00:slot000048
exp0_000048_rxg20_1_fulltrim:q2,exp000_sess000_run000:seg00:slot000048,exp000_sess000_run000,48,48,ota/exp0_000048_rxg20_1_fulltrim.cfile,reference/signalout_000048_fulltrim.cfile,1,2,5,2.5,250000,692676,1000000,2770704,exp000_sess000_run000:seg00:slot000048
exp0_000048_rxg20_1_fulltrim:q3,exp000_sess000_run000:seg00:slot000048,exp000_sess000_run000,48,48,ota/exp0_000048_rxg20_1_fulltrim.cfile,reference/signalout_000048_fulltrim.cfile,1,3,7,3.5,250000,692676,1000000,2770704,exp000_sess000_run000:seg00:slot000048
exp0_000049_rxg20_0_fulltrim:q0,exp000_sess000_run000:seg00:slot000049,exp000_sess000_run000,49,49,ota/exp0_000049_rxg20_0_fulltrim.cfile,reference/signalout_000049_fulltrim.cfile,0,0,0,0.0,250000,692676,1000000,2770704,exp000_sess000_run000:seg00:slot000049
exp0_000049_rxg20_0_fulltrim:q1,exp000_sess000_run000:seg00:slot000049,exp000_sess000_run000,49,49,ota/exp0_000049_rxg20_0_fulltrim.cfile,reference/signalout_000049_fulltrim.cfile,0,1,2,1.0,250000,692676,1000000,2770704,exp000_sess000_run000:seg00:slot000049
exp0_000049_rxg20_0_fulltrim:q2,exp000_sess000_run000:seg00:slot000049,exp000_sess000_run000,49,49,ota/exp0_000049_rxg20_0_fulltrim.cfile,reference/signalout_000049_fulltrim.cfile,0,2,4,2.0,250000,692676,1000000,2770704,exp000_sess000_run000:seg00:slot000049
exp0_000049_rxg20_0_fulltrim:q3,exp000_sess000_run000:seg00:slot000049,exp000_sess000_run000,49,49,ota/exp0_000049_rxg20_0_fulltrim.cfile,reference/signalout_000049_fulltrim.cfile,0,3,6,3.0,250000,692676,1000000,2770704,exp000_sess000_run000:seg00:slot000049
exp0_000049_rxg20_1_fulltrim:q0,exp000_sess000_run000:seg00:slot000049,exp000_sess000_run000,49,49,ota/exp0_000049_rxg20_1_fulltrim.cfile,reference/signalout_000049_fulltrim.cfile,1,0,1,0.5,250000,692676,1000000,2770704,exp000_sess000_run000:seg00:slot000049
exp0_000049_rxg20_1_fulltrim:q1,exp000_sess000_run000:seg00:slot000049,exp000_sess000_run000,49,49,ota/exp0_000049_rxg20_1_fulltrim.cfile,reference/signalout_000049_fulltrim.cfile,1,1,3,1.5,250000,692676,1000000,2770704,exp000_sess000_run000:seg00:slot000049
exp0_000049_rxg20_1_fulltrim:q2,exp000_sess000_run000:seg00:slot000049,exp000_sess000_run000,49,49,ota/exp0_000049_rxg20_1_fulltrim.cfile,reference/signalout_000049_fulltrim.cfile,1,2,5,2.5,250000,692676,1000000,2770704,exp000_sess000_run000:seg00:slot000049
exp0_000049_rxg20_1_fulltrim:q3,exp000_sess000_run000:seg00:slot000049,exp000_sess000_run000,49,49,ota/exp0_000049_rxg20_1_fulltrim.cfile,reference/signalout_000049_fulltrim.cfile,1,3,7,3.5,250000,692676,1000000,2770704,exp000_sess000_run000:seg00:slot000049
exp0_000050_rxg20_0_fulltrim:q0,exp000_sess000_run000:seg00:slot000050,exp000_sess000_run000,50,50,ota/exp0_000050_rxg20_0_fulltrim.cfile,reference/signalout_000050_fulltrim.cfile,0,0,0,0.0,250000,692676,1000000,2770704,exp000_sess000_run000:seg00:slot000050
exp0_000050_rxg20_0_fulltrim:q1,exp000_sess000_run000:seg00:slot000050,exp000_sess000_run000,50,50,ota/exp0_000050_rxg20_0_fulltrim.cfile,reference/signalout_000050_fulltrim.cfile,0,1,2,1.0,250000,692676,1000000,2770704,exp000_sess000_run000:seg00:slot000050
exp0_000050_rxg20_0_fulltrim:q2,exp000_sess000_run000:seg00:slot000050,exp000_sess000_run000,50,50,ota/exp0_000050_rxg20_0_fulltrim.cfile,reference/signalout_000050_fulltrim.cfile,0,2,4,2.0,250000,692676,1000000,2770704,exp000_sess000_run000:seg00:slot000050
exp0_000050_rxg20_0_fulltrim:q3,exp000_sess000_run000:seg00:slot000050,exp000_sess000_run000,50,50,ota/exp0_000050_rxg20_0_fulltrim.cfile,reference/signalout_000050_fulltrim.cfile,0,3,6,3.0,250000,692676,1000000,2770704,exp000_sess000_run000:seg00:slot000050
exp0_000050_rxg20_1_fulltrim:q0,exp000_sess000_run000:seg00:slot000050,exp000_sess000_run000,50,50,ota/exp0_000050_rxg20_1_fulltrim.cfile,reference/signalout_000050_fulltrim.cfile,1,0,1,0.5,250000,692676,1000000,2770704,exp000_sess000_run000:seg00:slot000050
exp0_000050_rxg20_1_fulltrim:q1,exp000_sess000_run000:seg00:slot000050,exp000_sess000_run000,50,50,ota/exp0_000050_rxg20_1_fulltrim.cfile,reference/signalout_000050_fulltrim.cfile,1,1,3,1.5,250000,692676,1000000,2770704,exp000_sess000_run000:seg00:slot000050
exp0_000050_rxg20_1_fulltrim:q2,exp000_sess000_run000:seg00:slot000050,exp000_sess000_run000,50,50,ota/exp0_000050_rxg20_1_fulltrim.cfile,reference/signalout_000050_fulltrim.cfile,1,2,5,2.5,250000,692676,1000000,2770704,exp000_sess000_run000:seg00:slot000050
exp0_000050_rxg20_1_fulltrim:q3,exp000_sess000_run000:seg00:slot000050,exp000_sess000_run000,50,50,ota/exp0_000050_rxg20_1_fulltrim.cfile,reference/signalout_000050_fulltrim.cfile,1,3,7,3.5,250000,692676,1000000,2770704,exp000_sess000_run000:seg00:slot000050
exp0_000051_rxg20_0_fulltrim:q0,exp000_sess000_run000:seg00:slot000051,exp000_sess000_run000,51,51,ota/exp0_000051_rxg20_0_fulltrim.cfile,reference/signalout_000051_fulltrim.cfile,0,0,0,0.0,250000,692676,1000000,2770704,exp000_sess000_run000:seg00:slot000051
exp0_000051_rxg20_0_fulltrim:q1,exp000_sess000_run000:seg00:slot000051,exp000_sess000_run000,51,51,ota/exp0_000051_rxg20_0_fulltrim.cfile,reference/signalout_000051_fulltrim.cfile,0,1,2,1.0,250000,692676,1000000,2770704,exp000_sess000_run000:seg00:slot000051
exp0_000051_rxg20_0_fulltrim:q2,exp000_sess000_run000:seg00:slot000051,exp000_sess000_run000,51,51,ota/exp0_000051_rxg20_0_fulltrim.cfile,reference/signalout_000051_fulltrim.cfile,0,2,4,2.0,250000,692676,1000000,2770704,exp000_sess000_run000:seg00:slot000051
exp0_000051_rxg20_0_fulltrim:q3,exp000_sess000_run000:seg00:slot000051,exp000_sess000_run000,51,51,ota/exp0_000051_rxg20_0_fulltrim.cfile,reference/signalout_000051_fulltrim.cfile,0,3,6,3.0,250000,692676,1000000,2770704,exp000_sess000_run000:seg00:slot000051
exp0_000051_rxg20_1_fulltrim:q0,exp000_sess000_run000:seg00:slot000051,exp000_sess000_run000,51,51,ota/exp0_000051_rxg20_1_fulltrim.cfile,reference/signalout_000051_fulltrim.cfile,1,0,1,0.5,250000,692676,1000000,2770704,exp000_sess000_run000:seg00:slot000051
exp0_000051_rxg20_1_fulltrim:q1,exp000_sess000_run000:seg00:slot000051,exp000_sess000_run000,51,51,ota/exp0_000051_rxg20_1_fulltrim.cfile,reference/signalout_000051_fulltrim.cfile,1,1,3,1.5,250000,692676,1000000,2770704,exp000_sess000_run000:seg00:slot000051
exp0_000051_rxg20_1_fulltrim:q2,exp000_sess000_run000:seg00:slot000051,exp000_sess000_run000,51,51,ota/exp0_000051_rxg20_1_fulltrim.cfile,reference/signalout_000051_fulltrim.cfile,1,2,5,2.5,250000,692676,1000000,2770704,exp000_sess000_run000:seg00:slot000051
exp0_000051_rxg20_1_fulltrim:q3,exp000_sess000_run000:seg00:slot000051,exp000_sess000_run000,51,51,ota/exp0_000051_rxg20_1_fulltrim.cfile,reference/signalout_000051_fulltrim.cfile,1,3,7,3.5,250000,692676,1000000,2770704,exp000_sess000_run000:seg00:slot000051
exp0_000052_rxg20_0_fulltrim:q0,exp000_sess000_run000:seg00:slot000052,exp000_sess000_run000,52,52,ota/exp0_000052_rxg20_0_fulltrim.cfile,reference/signalout_000052_fulltrim.cfile,0,0,0,0.0,250000,692676,1000000,2770704,exp000_sess000_run000:seg00:slot000052
exp0_000052_rxg20_0_fulltrim:q1,exp000_sess000_run000:seg00:slot000052,exp000_sess000_run000,52,52,ota/exp0_000052_rxg20_0_fulltrim.cfile,reference/signalout_000052_fulltrim.cfile,0,1,2,1.0,250000,692676,1000000,2770704,exp000_sess000_run000:seg00:slot000052
exp0_000052_rxg20_0_fulltrim:q2,exp000_sess000_run000:seg00:slot000052,exp000_sess000_run000,52,52,ota/exp0_000052_rxg20_0_fulltrim.cfile,reference/signalout_000052_fulltrim.cfile,0,2,4,2.0,250000,692676,1000000,2770704,exp000_sess000_run000:seg00:slot000052
exp0_000052_rxg20_0_fulltrim:q3,exp000_sess000_run000:seg00:slot000052,exp000_sess000_run000,52,52,ota/exp0_000052_rxg20_0_fulltrim.cfile,reference/signalout_000052_fulltrim.cfile,0,3,6,3.0,250000,692676,1000000,2770704,exp000_sess000_run000:seg00:slot000052
exp0_000052_rxg20_1_fulltrim:q0,exp000_sess000_run000:seg00:slot000052,exp000_sess000_run000,52,52,ota/exp0_000052_rxg20_1_fulltrim.cfile,reference/signalout_000052_fulltrim.cfile,1,0,1,0.5,250000,692676,1000000,2770704,exp000_sess000_run000:seg00:slot000052
exp0_000052_rxg20_1_fulltrim:q1,exp000_sess000_run000:seg00:slot000052,exp000_sess000_run000,52,52,ota/exp0_000052_rxg20_1_fulltrim.cfile,reference/signalout_000052_fulltrim.cfile,1,1,3,1.5,250000,692676,1000000,2770704,exp000_sess000_run000:seg00:slot000052
exp0_000052_rxg20_1_fulltrim:q2,exp000_sess000_run000:seg00:slot000052,exp000_sess000_run000,52,52,ota/exp0_000052_rxg20_1_fulltrim.cfile,reference/signalout_000052_fulltrim.cfile,1,2,5,2.5,250000,692676,1000000,2770704,exp000_sess000_run000:seg00:slot000052
exp0_000052_rxg20_1_fulltrim:q3,exp000_sess000_run000:seg00:slot000052,exp000_sess000_run000,52,52,ota/exp0_000052_rxg20_1_fulltrim.cfile,reference/signalout_000052_fulltrim.cfile,1,3,7,3.5,250000,692676,1000000,2770704,exp000_sess000_run000:seg00:slot000052
exp0_000053_rxg20_0_fulltrim:q0,exp000_sess000_run000:seg00:slot000053,exp000_sess000_run000,53,53,ota/exp0_000053_rxg20_0_fulltrim.cfile,reference/signalout_000053_fulltrim.cfile,0,0,0,0.0,250000,692676,1000000,2770704,exp000_sess000_run000:seg00:slot000053
exp0_000053_rxg20_0_fulltrim:q1,exp000_sess000_run000:seg00:slot000053,exp000_sess000_run000,53,53,ota/exp0_000053_rxg20_0_fulltrim.cfile,reference/signalout_000053_fulltrim.cfile,0,1,2,1.0,250000,692676,1000000,2770704,exp000_sess000_run000:seg00:slot000053
exp0_000053_rxg20_0_fulltrim:q2,exp000_sess000_run000:seg00:slot000053,exp000_sess000_run000,53,53,ota/exp0_000053_rxg20_0_fulltrim.cfile,reference/signalout_000053_fulltrim.cfile,0,2,4,2.0,250000,692676,1000000,2770704,exp000_sess000_run000:seg00:slot000053
exp0_000053_rxg20_0_fulltrim:q3,exp000_sess000_run000:seg00:slot000053,exp000_sess000_run000,53,53,ota/exp0_000053_rxg20_0_fulltrim.cfile,reference/signalout_000053_fulltrim.cfile,0,3,6,3.0,250000,692676,1000000,2770704,exp000_sess000_run000:seg00:slot000053
exp0_000053_rxg20_1_fulltrim:q0,exp000_sess000_run000:seg00:slot000053,exp000_sess000_run000,53,53,ota/exp0_000053_rxg20_1_fulltrim.cfile,reference/signalout_000053_fulltrim.cfile,1,0,1,0.5,250000,692676,1000000,2770704,exp000_sess000_run000:seg00:slot000053
exp0_000053_rxg20_1_fulltrim:q1,exp000_sess000_run000:seg00:slot000053,exp000_sess000_run000,53,53,ota/exp0_000053_rxg20_1_fulltrim.cfile,reference/signalout_000053_fulltrim.cfile,1,1,3,1.5,250000,692676,1000000,2770704,exp000_sess000_run000:seg00:slot000053
exp0_000053_rxg20_1_fulltrim:q2,exp000_sess000_run000:seg00:slot000053,exp000_sess000_run000,53,53,ota/exp0_000053_rxg20_1_fulltrim.cfile,reference/signalout_000053_fulltrim.cfile,1,2,5,2.5,250000,692676,1000000,2770704,exp000_sess000_run000:seg00:slot000053
exp0_000053_rxg20_1_fulltrim:q3,exp000_sess000_run000:seg00:slot000053,exp000_sess000_run000,53,53,ota/exp0_000053_rxg20_1_fulltrim.cfile,reference/signalout_000053_fulltrim.cfile,1,3,7,3.5,250000,692676,1000000,2770704,exp000_sess000_run000:seg00:slot000053
exp0_000054_rxg20_0_fulltrim:q0,exp000_sess000_run000:seg00:slot000054,exp000_sess000_run000,54,54,ota/exp0_000054_rxg20_0_fulltrim.cfile,reference/signalout_000054_fulltrim.cfile,0,0,0,0.0,250000,692676,1000000,2770704,exp000_sess000_run000:seg00:slot000054
exp0_000054_rxg20_0_fulltrim:q1,exp000_sess000_run000:seg00:slot000054,exp000_sess000_run000,54,54,ota/exp0_000054_rxg20_0_fulltrim.cfile,reference/signalout_000054_fulltrim.cfile,0,1,2,1.0,250000,692676,1000000,2770704,exp000_sess000_run000:seg00:slot000054
exp0_000054_rxg20_0_fulltrim:q2,exp000_sess000_run000:seg00:slot000054,exp000_sess000_run000,54,54,ota/exp0_000054_rxg20_0_fulltrim.cfile,reference/signalout_000054_fulltrim.cfile,0,2,4,2.0,250000,692676,1000000,2770704,exp000_sess000_run000:seg00:slot000054
exp0_000054_rxg20_0_fulltrim:q3,exp000_sess000_run000:seg00:slot000054,exp000_sess000_run000,54,54,ota/exp0_000054_rxg20_0_fulltrim.cfile,reference/signalout_000054_fulltrim.cfile,0,3,6,3.0,250000,692676,1000000,2770704,exp000_sess000_run000:seg00:slot000054
exp0_000054_rxg20_1_fulltrim:q0,exp000_sess000_run000:seg00:slot000054,exp000_sess000_run000,54,54,ota/exp0_000054_rxg20_1_fulltrim.cfile,reference/signalout_000054_fulltrim.cfile,1,0,1,0.5,250000,692676,1000000,2770704,exp000_sess000_run000:seg00:slot000054
exp0_000054_rxg20_1_fulltrim:q1,exp000_sess000_run000:seg00:slot000054,exp000_sess000_run000,54,54,ota/exp0_000054_rxg20_1_fulltrim.cfile,reference/signalout_000054_fulltrim.cfile,1,1,3,1.5,250000,692676,1000000,2770704,exp000_sess000_run000:seg00:slot000054
exp0_000054_rxg20_1_fulltrim:q2,exp000_sess000_run000:seg00:slot000054,exp000_sess000_run000,54,54,ota/exp0_000054_rxg20_1_fulltrim.cfile,reference/signalout_000054_fulltrim.cfile,1,2,5,2.5,250000,692676,1000000,2770704,exp000_sess000_run000:seg00:slot000054
exp0_000054_rxg20_1_fulltrim:q3,exp000_sess000_run000:seg00:slot000054,exp000_sess000_run000,54,54,ota/exp0_000054_rxg20_1_fulltrim.cfile,reference/signalout_000054_fulltrim.cfile,1,3,7,3.5,250000,692676,1000000,2770704,exp000_sess000_run000:seg00:slot000054
exp0_000055_rxg20_0_fulltrim:q0,exp000_sess000_run000:seg00:slot000055,exp000_sess000_run000,55,55,ota/exp0_000055_rxg20_0_fulltrim.cfile,reference/signalout_000055_fulltrim.cfile,0,0,0,0.0,250000,692676,1000000,2770704,exp000_sess000_run000:seg00:slot000055
exp0_000055_rxg20_0_fulltrim:q1,exp000_sess000_run000:seg00:slot000055,exp000_sess000_run000,55,55,ota/exp0_000055_rxg20_0_fulltrim.cfile,reference/signalout_000055_fulltrim.cfile,0,1,2,1.0,250000,692676,1000000,2770704,exp000_sess000_run000:seg00:slot000055
exp0_000055_rxg20_0_fulltrim:q2,exp000_sess000_run000:seg00:slot000055,exp000_sess000_run000,55,55,ota/exp0_000055_rxg20_0_fulltrim.cfile,reference/signalout_000055_fulltrim.cfile,0,2,4,2.0,250000,692676,1000000,2770704,exp000_sess000_run000:seg00:slot000055
exp0_000055_rxg20_0_fulltrim:q3,exp000_sess000_run000:seg00:slot000055,exp000_sess000_run000,55,55,ota/exp0_000055_rxg20_0_fulltrim.cfile,reference/signalout_000055_fulltrim.cfile,0,3,6,3.0,250000,692676,1000000,2770704,exp000_sess000_run000:seg00:slot000055
exp0_000055_rxg20_1_fulltrim:q0,exp000_sess000_run000:seg00:slot000055,exp000_sess000_run000,55,55,ota/exp0_000055_rxg20_1_fulltrim.cfile,reference/signalout_000055_fulltrim.cfile,1,0,1,0.5,250000,692676,1000000,2770704,exp000_sess000_run000:seg00:slot000055
exp0_000055_rxg20_1_fulltrim:q1,exp000_sess000_run000:seg00:slot000055,exp000_sess000_run000,55,55,ota/exp0_000055_rxg20_1_fulltrim.cfile,reference/signalout_000055_fulltrim.cfile,1,1,3,1.5,250000,692676,1000000,2770704,exp000_sess000_run000:seg00:slot000055
exp0_000055_rxg20_1_fulltrim:q2,exp000_sess000_run000:seg00:slot000055,exp000_sess000_run000,55,55,ota/exp0_000055_rxg20_1_fulltrim.cfile,reference/signalout_000055_fulltrim.cfile,1,2,5,2.5,250000,692676,1000000,2770704,exp000_sess000_run000:seg00:slot000055
exp0_000055_rxg20_1_fulltrim:q3,exp000_sess000_run000:seg00:slot000055,exp000_sess000_run000,55,55,ota/exp0_000055_rxg20_1_fulltrim.cfile,reference/signalout_000055_fulltrim.cfile,1,3,7,3.5,250000,692676,1000000,2770704,exp000_sess000_run000:seg00:slot000055
exp0_000056_rxg20_0_fulltrim:q0,exp000_sess000_run000:seg00:slot000056,exp000_sess000_run000,56,56,ota/exp0_000056_rxg20_0_fulltrim.cfile,reference/signalout_000056_fulltrim.cfile,0,0,0,0.0,250000,692676,1000000,2770704,exp000_sess000_run000:seg00:slot000056
exp0_000056_rxg20_0_fulltrim:q1,exp000_sess000_run000:seg00:slot000056,exp000_sess000_run000,56,56,ota/exp0_000056_rxg20_0_fulltrim.cfile,reference/signalout_000056_fulltrim.cfile,0,1,2,1.0,250000,692676,1000000,2770704,exp000_sess000_run000:seg00:slot000056
exp0_000056_rxg20_0_fulltrim:q2,exp000_sess000_run000:seg00:slot000056,exp000_sess000_run000,56,56,ota/exp0_000056_rxg20_0_fulltrim.cfile,reference/signalout_000056_fulltrim.cfile,0,2,4,2.0,250000,692676,1000000,2770704,exp000_sess000_run000:seg00:slot000056
exp0_000056_rxg20_0_fulltrim:q3,exp000_sess000_run000:seg00:slot000056,exp000_sess000_run000,56,56,ota/exp0_000056_rxg20_0_fulltrim.cfile,reference/signalout_000056_fulltrim.cfile,0,3,6,3.0,250000,692676,1000000,2770704,exp000_sess000_run000:seg00:slot000056
exp0_000056_rxg20_1_fulltrim:q0,exp000_sess000_run000:seg00:slot000056,exp000_sess000_run000,56,56,ota/exp0_000056_rxg20_1_fulltrim.cfile,reference/signalout_000056_fulltrim.cfile,1,0,1,0.5,250000,692676,1000000,2770704,exp000_sess000_run000:seg00:slot000056
exp0_000056_rxg20_1_fulltrim:q1,exp000_sess000_run000:seg00:slot000056,exp000_sess000_run000,56,56,ota/exp0_000056_rxg20_1_fulltrim.cfile,reference/signalout_000056_fulltrim.cfile,1,1,3,1.5,250000,692676,1000000,2770704,exp000_sess000_run000:seg00:slot000056
exp0_000056_rxg20_1_fulltrim:q2,exp000_sess000_run000:seg00:slot000056,exp000_sess000_run000,56,56,ota/exp0_000056_rxg20_1_fulltrim.cfile,reference/signalout_000056_fulltrim.cfile,1,2,5,2.5,250000,692676,1000000,2770704,exp000_sess000_run000:seg00:slot000056
exp0_000056_rxg20_1_fulltrim:q3,exp000_sess000_run000:seg00:slot000056,exp000_sess000_run000,56,56,ota/exp0_000056_rxg20_1_fulltrim.cfile,reference/signalout_000056_fulltrim.cfile,1,3,7,3.5,250000,692676,1000000,2770704,exp000_sess000_run000:seg00:slot000056
exp0_000057_rxg20_0_fulltrim:q0,exp000_sess000_run000:seg00:slot000057,exp000_sess000_run000,57,57,ota/exp0_000057_rxg20_0_fulltrim.cfile,reference/signalout_000057_fulltrim.cfile,0,0,0,0.0,250000,692676,1000000,2770704,exp000_sess000_run000:seg00:slot000057
exp0_000057_rxg20_0_fulltrim:q1,exp000_sess000_run000:seg00:slot000057,exp000_sess000_run000,57,57,ota/exp0_000057_rxg20_0_fulltrim.cfile,reference/signalout_000057_fulltrim.cfile,0,1,2,1.0,250000,692676,1000000,2770704,exp000_sess000_run000:seg00:slot000057
exp0_000057_rxg20_0_fulltrim:q2,exp000_sess000_run000:seg00:slot000057,exp000_sess000_run000,57,57,ota/exp0_000057_rxg20_0_fulltrim.cfile,reference/signalout_000057_fulltrim.cfile,0,2,4,2.0,250000,692676,1000000,2770704,exp000_sess000_run000:seg00:slot000057
exp0_000057_rxg20_0_fulltrim:q3,exp000_sess000_run000:seg00:slot000057,exp000_sess000_run000,57,57,ota/exp0_000057_rxg20_0_fulltrim.cfile,reference/signalout_000057_fulltrim.cfile,0,3,6,3.0,250000,692676,1000000,2770704,exp000_sess000_run000:seg00:slot000057
exp0_000057_rxg20_1_fulltrim:q0,exp000_sess000_run000:seg00:slot000057,exp000_sess000_run000,57,57,ota/exp0_000057_rxg20_1_fulltrim.cfile,reference/signalout_000057_fulltrim.cfile,1,0,1,0.5,250000,692676,1000000,2770704,exp000_sess000_run000:seg00:slot000057
exp0_000057_rxg20_1_fulltrim:q1,exp000_sess000_run000:seg00:slot000057,exp000_sess000_run000,57,57,ota/exp0_000057_rxg20_1_fulltrim.cfile,reference/signalout_000057_fulltrim.cfile,1,1,3,1.5,250000,692676,1000000,2770704,exp000_sess000_run000:seg00:slot000057
exp0_000057_rxg20_1_fulltrim:q2,exp000_sess000_run000:seg00:slot000057,exp000_sess000_run000,57,57,ota/exp0_000057_rxg20_1_fulltrim.cfile,reference/signalout_000057_fulltrim.cfile,1,2,5,2.5,250000,692676,1000000,2770704,exp000_sess000_run000:seg00:slot000057
exp0_000057_rxg20_1_fulltrim:q3,exp000_sess000_run000:seg00:slot000057,exp000_sess000_run000,57,57,ota/exp0_000057_rxg20_1_fulltrim.cfile,reference/signalout_000057_fulltrim.cfile,1,3,7,3.5,250000,692676,1000000,2770704,exp000_sess000_run000:seg00:slot000057
exp0_000058_rxg20_0_fulltrim:q0,exp000_sess000_run000:seg00:slot000058,exp000_sess000_run000,58,58,ota/exp0_000058_rxg20_0_fulltrim.cfile,reference/signalout_000058_fulltrim.cfile,0,0,0,0.0,250000,692676,1000000,2770704,exp000_sess000_run000:seg00:slot000058
exp0_000058_rxg20_0_fulltrim:q1,exp000_sess000_run000:seg00:slot000058,exp000_sess000_run000,58,58,ota/exp0_000058_rxg20_0_fulltrim.cfile,reference/signalout_000058_fulltrim.cfile,0,1,2,1.0,250000,692676,1000000,2770704,exp000_sess000_run000:seg00:slot000058
exp0_000058_rxg20_0_fulltrim:q2,exp000_sess000_run000:seg00:slot000058,exp000_sess000_run000,58,58,ota/exp0_000058_rxg20_0_fulltrim.cfile,reference/signalout_000058_fulltrim.cfile,0,2,4,2.0,250000,692676,1000000,2770704,exp000_sess000_run000:seg00:slot000058
exp0_000058_rxg20_0_fulltrim:q3,exp000_sess000_run000:seg00:slot000058,exp000_sess000_run000,58,58,ota/exp0_000058_rxg20_0_fulltrim.cfile,reference/signalout_000058_fulltrim.cfile,0,3,6,3.0,250000,692676,1000000,2770704,exp000_sess000_run000:seg00:slot000058
exp0_000058_rxg20_1_fulltrim:q0,exp000_sess000_run000:seg00:slot000058,exp000_sess000_run000,58,58,ota/exp0_000058_rxg20_1_fulltrim.cfile,reference/signalout_000058_fulltrim.cfile,1,0,1,0.5,250000,692676,1000000,2770704,exp000_sess000_run000:seg00:slot000058
exp0_000058_rxg20_1_fulltrim:q1,exp000_sess000_run000:seg00:slot000058,exp000_sess000_run000,58,58,ota/exp0_000058_rxg20_1_fulltrim.cfile,reference/signalout_000058_fulltrim.cfile,1,1,3,1.5,250000,692676,1000000,2770704,exp000_sess000_run000:seg00:slot000058
exp0_000058_rxg20_1_fulltrim:q2,exp000_sess000_run000:seg00:slot000058,exp000_sess000_run000,58,58,ota/exp0_000058_rxg20_1_fulltrim.cfile,reference/signalout_000058_fulltrim.cfile,1,2,5,2.5,250000,692676,1000000,2770704,exp000_sess000_run000:seg00:slot000058
exp0_000058_rxg20_1_fulltrim:q3,exp000_sess000_run000:seg00:slot000058,exp000_sess000_run000,58,58,ota/exp0_000058_rxg20_1_fulltrim.cfile,reference/signalout_000058_fulltrim.cfile,1,3,7,3.5,250000,692676,1000000,2770704,exp000_sess000_run000:seg00:slot000058
exp0_000059_rxg20_0_fulltrim:q0,exp000_sess000_run000:seg00:slot000059,exp000_sess000_run000,59,59,ota/exp0_000059_rxg20_0_fulltrim.cfile,reference/signalout_000059_fulltrim.cfile,0,0,0,0.0,250000,692676,1000000,2770704,exp000_sess000_run000:seg00:slot000059
exp0_000059_rxg20_0_fulltrim:q1,exp000_sess000_run000:seg00:slot000059,exp000_sess000_run000,59,59,ota/exp0_000059_rxg20_0_fulltrim.cfile,reference/signalout_000059_fulltrim.cfile,0,1,2,1.0,250000,692676,1000000,2770704,exp000_sess000_run000:seg00:slot000059
exp0_000059_rxg20_0_fulltrim:q2,exp000_sess000_run000:seg00:slot000059,exp000_sess000_run000,59,59,ota/exp0_000059_rxg20_0_fulltrim.cfile,reference/signalout_000059_fulltrim.cfile,0,2,4,2.0,250000,692676,1000000,2770704,exp000_sess000_run000:seg00:slot000059
exp0_000059_rxg20_0_fulltrim:q3,exp000_sess000_run000:seg00:slot000059,exp000_sess000_run000,59,59,ota/exp0_000059_rxg20_0_fulltrim.cfile,reference/signalout_000059_fulltrim.cfile,0,3,6,3.0,250000,692676,1000000,2770704,exp000_sess000_run000:seg00:slot000059
exp0_000059_rxg20_1_fulltrim:q0,exp000_sess000_run000:seg00:slot000059,exp000_sess000_run000,59,59,ota/exp0_000059_rxg20_1_fulltrim.cfile,reference/signalout_000059_fulltrim.cfile,1,0,1,0.5,250000,692676,1000000,2770704,exp000_sess000_run000:seg00:slot000059
exp0_000059_rxg20_1_fulltrim:q1,exp000_sess000_run000:seg00:slot000059,exp000_sess000_run000,59,59,ota/exp0_000059_rxg20_1_fulltrim.cfile,reference/signalout_000059_fulltrim.cfile,1,1,3,1.5,250000,692676,1000000,2770704,exp000_sess000_run000:seg00:slot000059
exp0_000059_rxg20_1_fulltrim:q2,exp000_sess000_run000:seg00:slot000059,exp000_sess000_run000,59,59,ota/exp0_000059_rxg20_1_fulltrim.cfile,reference/signalout_000059_fulltrim.cfile,1,2,5,2.5,250000,692676,1000000,2770704,exp000_sess000_run000:seg00:slot000059
exp0_000059_rxg20_1_fulltrim:q3,exp000_sess000_run000:seg00:slot000059,exp000_sess000_run000,59,59,ota/exp0_000059_rxg20_1_fulltrim.cfile,reference/signalout_000059_fulltrim.cfile,1,3,7,3.5,250000,692676,1000000,2770704,exp000_sess000_run000:seg00:slot000059
exp0_000060_rxg20_0_fulltrim:q0,exp000_sess000_run000:seg00:slot000060,exp000_sess000_run000,60,60,ota/exp0_000060_rxg20_0_fulltrim.cfile,reference/signalout_000060_fulltrim.cfile,0,0,0,0.0,250000,692676,1000000,2770704,exp000_sess000_run000:seg00:slot000060
exp0_000060_rxg20_0_fulltrim:q1,exp000_sess000_run000:seg00:slot000060,exp000_sess000_run000,60,60,ota/exp0_000060_rxg20_0_fulltrim.cfile,reference/signalout_000060_fulltrim.cfile,0,1,2,1.0,250000,692676,1000000,2770704,exp000_sess000_run000:seg00:slot000060
exp0_000060_rxg20_0_fulltrim:q2,exp000_sess000_run000:seg00:slot000060,exp000_sess000_run000,60,60,ota/exp0_000060_rxg20_0_fulltrim.cfile,reference/signalout_000060_fulltrim.cfile,0,2,4,2.0,250000,692676,1000000,2770704,exp000_sess000_run000:seg00:slot000060
exp0_000060_rxg20_0_fulltrim:q3,exp000_sess000_run000:seg00:slot000060,exp000_sess000_run000,60,60,ota/exp0_000060_rxg20_0_fulltrim.cfile,reference/signalout_000060_fulltrim.cfile,0,3,6,3.0,250000,692676,1000000,2770704,exp000_sess000_run000:seg00:slot000060
exp0_000060_rxg20_1_fulltrim:q0,exp000_sess000_run000:seg00:slot000060,exp000_sess000_run000,60,60,ota/exp0_000060_rxg20_1_fulltrim.cfile,reference/signalout_000060_fulltrim.cfile,1,0,1,0.5,250000,692676,1000000,2770704,exp000_sess000_run000:seg00:slot000060
exp0_000060_rxg20_1_fulltrim:q1,exp000_sess000_run000:seg00:slot000060,exp000_sess000_run000,60,60,ota/exp0_000060_rxg20_1_fulltrim.cfile,reference/signalout_000060_fulltrim.cfile,1,1,3,1.5,250000,692676,1000000,2770704,exp000_sess000_run000:seg00:slot000060
exp0_000060_rxg20_1_fulltrim:q2,exp000_sess000_run000:seg00:slot000060,exp000_sess000_run000,60,60,ota/exp0_000060_rxg20_1_fulltrim.cfile,reference/signalout_000060_fulltrim.cfile,1,2,5,2.5,250000,692676,1000000,2770704,exp000_sess000_run000:seg00:slot000060
exp0_000060_rxg20_1_fulltrim:q3,exp000_sess000_run000:seg00:slot000060,exp000_sess000_run000,60,60,ota/exp0_000060_rxg20_1_fulltrim.cfile,reference/signalout_000060_fulltrim.cfile,1,3,7,3.5,250000,692676,1000000,2770704,exp000_sess000_run000:seg00:slot000060
exp0_000061_rxg20_0_fulltrim:q0,exp000_sess000_run000:seg00:slot000061,exp000_sess000_run000,61,61,ota/exp0_000061_rxg20_0_fulltrim.cfile,reference/signalout_000061_fulltrim.cfile,0,0,0,0.0,250000,692676,1000000,2770704,exp000_sess000_run000:seg00:slot000061
exp0_000061_rxg20_0_fulltrim:q1,exp000_sess000_run000:seg00:slot000061,exp000_sess000_run000,61,61,ota/exp0_000061_rxg20_0_fulltrim.cfile,reference/signalout_000061_fulltrim.cfile,0,1,2,1.0,250000,692676,1000000,2770704,exp000_sess000_run000:seg00:slot000061
exp0_000061_rxg20_0_fulltrim:q2,exp000_sess000_run000:seg00:slot000061,exp000_sess000_run000,61,61,ota/exp0_000061_rxg20_0_fulltrim.cfile,reference/signalout_000061_fulltrim.cfile,0,2,4,2.0,250000,692676,1000000,2770704,exp000_sess000_run000:seg00:slot000061
exp0_000061_rxg20_0_fulltrim:q3,exp000_sess000_run000:seg00:slot000061,exp000_sess000_run000,61,61,ota/exp0_000061_rxg20_0_fulltrim.cfile,reference/signalout_000061_fulltrim.cfile,0,3,6,3.0,250000,692676,1000000,2770704,exp000_sess000_run000:seg00:slot000061
exp0_000061_rxg20_1_fulltrim:q0,exp000_sess000_run000:seg00:slot000061,exp000_sess000_run000,61,61,ota/exp0_000061_rxg20_1_fulltrim.cfile,reference/signalout_000061_fulltrim.cfile,1,0,1,0.5,250000,692676,1000000,2770704,exp000_sess000_run000:seg00:slot000061
exp0_000061_rxg20_1_fulltrim:q1,exp000_sess000_run000:seg00:slot000061,exp000_sess000_run000,61,61,ota/exp0_000061_rxg20_1_fulltrim.cfile,reference/signalout_000061_fulltrim.cfile,1,1,3,1.5,250000,692676,1000000,2770704,exp000_sess000_run000:seg00:slot000061
exp0_000061_rxg20_1_fulltrim:q2,exp000_sess000_run000:seg00:slot000061,exp000_sess000_run000,61,61,ota/exp0_000061_rxg20_1_fulltrim.cfile,reference/signalout_000061_fulltrim.cfile,1,2,5,2.5,250000,692676,1000000,2770704,exp000_sess000_run000:seg00:slot000061
exp0_000061_rxg20_1_fulltrim:q3,exp000_sess000_run000:seg00:slot000061,exp000_sess000_run000,61,61,ota/exp0_000061_rxg20_1_fulltrim.cfile,reference/signalout_000061_fulltrim.cfile,1,3,7,3.5,250000,692676,1000000,2770704,exp000_sess000_run000:seg00:slot000061
exp0_000062_rxg20_0_fulltrim:q0,exp000_sess000_run000:seg00:slot000062,exp000_sess000_run000,62,62,ota/exp0_000062_rxg20_0_fulltrim.cfile,reference/signalout_000062_fulltrim.cfile,0,0,0,0.0,250000,692676,1000000,2770704,exp000_sess000_run000:seg00:slot000062
exp0_000062_rxg20_0_fulltrim:q1,exp000_sess000_run000:seg00:slot000062,exp000_sess000_run000,62,62,ota/exp0_000062_rxg20_0_fulltrim.cfile,reference/signalout_000062_fulltrim.cfile,0,1,2,1.0,250000,692676,1000000,2770704,exp000_sess000_run000:seg00:slot000062
exp0_000062_rxg20_0_fulltrim:q2,exp000_sess000_run000:seg00:slot000062,exp000_sess000_run000,62,62,ota/exp0_000062_rxg20_0_fulltrim.cfile,reference/signalout_000062_fulltrim.cfile,0,2,4,2.0,250000,692676,1000000,2770704,exp000_sess000_run000:seg00:slot000062
exp0_000062_rxg20_0_fulltrim:q3,exp000_sess000_run000:seg00:slot000062,exp000_sess000_run000,62,62,ota/exp0_000062_rxg20_0_fulltrim.cfile,reference/signalout_000062_fulltrim.cfile,0,3,6,3.0,250000,692676,1000000,2770704,exp000_sess000_run000:seg00:slot000062
exp0_000062_rxg20_1_fulltrim:q0,exp000_sess000_run000:seg00:slot000062,exp000_sess000_run000,62,62,ota/exp0_000062_rxg20_1_fulltrim.cfile,reference/signalout_000062_fulltrim.cfile,1,0,1,0.5,250000,692676,1000000,2770704,exp000_sess000_run000:seg00:slot000062
exp0_000062_rxg20_1_fulltrim:q1,exp000_sess000_run000:seg00:slot000062,exp000_sess000_run000,62,62,ota/exp0_000062_rxg20_1_fulltrim.cfile,reference/signalout_000062_fulltrim.cfile,1,1,3,1.5,250000,692676,1000000,2770704,exp000_sess000_run000:seg00:slot000062
exp0_000062_rxg20_1_fulltrim:q2,exp000_sess000_run000:seg00:slot000062,exp000_sess000_run000,62,62,ota/exp0_000062_rxg20_1_fulltrim.cfile,reference/signalout_000062_fulltrim.cfile,1,2,5,2.5,250000,692676,1000000,2770704,exp000_sess000_run000:seg00:slot000062
exp0_000062_rxg20_1_fulltrim:q3,exp000_sess000_run000:seg00:slot000062,exp000_sess000_run000,62,62,ota/exp0_000062_rxg20_1_fulltrim.cfile,reference/signalout_000062_fulltrim.cfile,1,3,7,3.5,250000,692676,1000000,2770704,exp000_sess000_run000:seg00:slot000062
exp0_000063_rxg20_0_fulltrim:q0,exp000_sess000_run000:seg00:slot000063,exp000_sess000_run000,63,63,ota/exp0_000063_rxg20_0_fulltrim.cfile,reference/signalout_000063_fulltrim.cfile,0,0,0,0.0,250000,692676,1000000,2770704,exp000_sess000_run000:seg00:slot000063
exp0_000063_rxg20_0_fulltrim:q1,exp000_sess000_run000:seg00:slot000063,exp000_sess000_run000,63,63,ota/exp0_000063_rxg20_0_fulltrim.cfile,reference/signalout_000063_fulltrim.cfile,0,1,2,1.0,250000,692676,1000000,2770704,exp000_sess000_run000:seg00:slot000063
exp0_000063_rxg20_0_fulltrim:q2,exp000_sess000_run000:seg00:slot000063,exp000_sess000_run000,63,63,ota/exp0_000063_rxg20_0_fulltrim.cfile,reference/signalout_000063_fulltrim.cfile,0,2,4,2.0,250000,692676,1000000,2770704,exp000_sess000_run000:seg00:slot000063
exp0_000063_rxg20_0_fulltrim:q3,exp000_sess000_run000:seg00:slot000063,exp000_sess000_run000,63,63,ota/exp0_000063_rxg20_0_fulltrim.cfile,reference/signalout_000063_fulltrim.cfile,0,3,6,3.0,250000,692676,1000000,2770704,exp000_sess000_run000:seg00:slot000063
exp0_000063_rxg20_1_fulltrim:q0,exp000_sess000_run000:seg00:slot000063,exp000_sess000_run000,63,63,ota/exp0_000063_rxg20_1_fulltrim.cfile,reference/signalout_000063_fulltrim.cfile,1,0,1,0.5,250000,692676,1000000,2770704,exp000_sess000_run000:seg00:slot000063
exp0_000063_rxg20_1_fulltrim:q1,exp000_sess000_run000:seg00:slot000063,exp000_sess000_run000,63,63,ota/exp0_000063_rxg20_1_fulltrim.cfile,reference/signalout_000063_fulltrim.cfile,1,1,3,1.5,250000,692676,1000000,2770704,exp000_sess000_run000:seg00:slot000063
exp0_000063_rxg20_1_fulltrim:q2,exp000_sess000_run000:seg00:slot000063,exp000_sess000_run000,63,63,ota/exp0_000063_rxg20_1_fulltrim.cfile,reference/signalout_000063_fulltrim.cfile,1,2,5,2.5,250000,692676,1000000,2770704,exp000_sess000_run000:seg00:slot000063
exp0_000063_rxg20_1_fulltrim:q3,exp000_sess000_run000:seg00:slot000063,exp000_sess000_run000,63,63,ota/exp0_000063_rxg20_1_fulltrim.cfile,reference/signalout_000063_fulltrim.cfile,1,3,7,3.5,250000,692676,1000000,2770704,exp000_sess000_run000:seg00:slot000063
exp0_000064_rxg20_0_fulltrim:q0,exp000_sess000_run000:seg00:slot000064,exp000_sess000_run000,64,64,ota/exp0_000064_rxg20_0_fulltrim.cfile,reference/signalout_000064_fulltrim.cfile,0,0,0,0.0,250000,692676,1000000,2770704,exp000_sess000_run000:seg00:slot000064
exp0_000064_rxg20_0_fulltrim:q1,exp000_sess000_run000:seg00:slot000064,exp000_sess000_run000,64,64,ota/exp0_000064_rxg20_0_fulltrim.cfile,reference/signalout_000064_fulltrim.cfile,0,1,2,1.0,250000,692676,1000000,2770704,exp000_sess000_run000:seg00:slot000064
exp0_000064_rxg20_0_fulltrim:q2,exp000_sess000_run000:seg00:slot000064,exp000_sess000_run000,64,64,ota/exp0_000064_rxg20_0_fulltrim.cfile,reference/signalout_000064_fulltrim.cfile,0,2,4,2.0,250000,692676,1000000,2770704,exp000_sess000_run000:seg00:slot000064
exp0_000064_rxg20_0_fulltrim:q3,exp000_sess000_run000:seg00:slot000064,exp000_sess000_run000,64,64,ota/exp0_000064_rxg20_0_fulltrim.cfile,reference/signalout_000064_fulltrim.cfile,0,3,6,3.0,250000,692676,1000000,2770704,exp000_sess000_run000:seg00:slot000064
exp0_000064_rxg20_1_fulltrim:q0,exp000_sess000_run000:seg00:slot000064,exp000_sess000_run000,64,64,ota/exp0_000064_rxg20_1_fulltrim.cfile,reference/signalout_000064_fulltrim.cfile,1,0,1,0.5,250000,692676,1000000,2770704,exp000_sess000_run000:seg00:slot000064
exp0_000064_rxg20_1_fulltrim:q1,exp000_sess000_run000:seg00:slot000064,exp000_sess000_run000,64,64,ota/exp0_000064_rxg20_1_fulltrim.cfile,reference/signalout_000064_fulltrim.cfile,1,1,3,1.5,250000,692676,1000000,2770704,exp000_sess000_run000:seg00:slot000064
exp0_000064_rxg20_1_fulltrim:q2,exp000_sess000_run000:seg00:slot000064,exp000_sess000_run000,64,64,ota/exp0_000064_rxg20_1_fulltrim.cfile,reference/signalout_000064_fulltrim.cfile,1,2,5,2.5,250000,692676,1000000,2770704,exp000_sess000_run000:seg00:slot000064
exp0_000064_rxg20_1_fulltrim:q3,exp000_sess000_run000:seg00:slot000064,exp000_sess000_run000,64,64,ota/exp0_000064_rxg20_1_fulltrim.cfile,reference/signalout_000064_fulltrim.cfile,1,3,7,3.5,250000,692676,1000000,2770704,exp000_sess000_run000:seg00:slot000064
exp0_000065_rxg20_0_fulltrim:q0,exp000_sess000_run000:seg00:slot000065,exp000_sess000_run000,65,65,ota/exp0_000065_rxg20_0_fulltrim.cfile,reference/signalout_000065_fulltrim.cfile,0,0,0,0.0,250000,692676,1000000,2770704,exp000_sess000_run000:seg00:slot000065
exp0_000065_rxg20_0_fulltrim:q1,exp000_sess000_run000:seg00:slot000065,exp000_sess000_run000,65,65,ota/exp0_000065_rxg20_0_fulltrim.cfile,reference/signalout_000065_fulltrim.cfile,0,1,2,1.0,250000,692676,1000000,2770704,exp000_sess000_run000:seg00:slot000065
exp0_000065_rxg20_0_fulltrim:q2,exp000_sess000_run000:seg00:slot000065,exp000_sess000_run000,65,65,ota/exp0_000065_rxg20_0_fulltrim.cfile,reference/signalout_000065_fulltrim.cfile,0,2,4,2.0,250000,692676,1000000,2770704,exp000_sess000_run000:seg00:slot000065
exp0_000065_rxg20_0_fulltrim:q3,exp000_sess000_run000:seg00:slot000065,exp000_sess000_run000,65,65,ota/exp0_000065_rxg20_0_fulltrim.cfile,reference/signalout_000065_fulltrim.cfile,0,3,6,3.0,250000,692676,1000000,2770704,exp000_sess000_run000:seg00:slot000065
exp0_000065_rxg20_1_fulltrim:q0,exp000_sess000_run000:seg00:slot000065,exp000_sess000_run000,65,65,ota/exp0_000065_rxg20_1_fulltrim.cfile,reference/signalout_000065_fulltrim.cfile,1,0,1,0.5,250000,692676,1000000,2770704,exp000_sess000_run000:seg00:slot000065
exp0_000065_rxg20_1_fulltrim:q1,exp000_sess000_run000:seg00:slot000065,exp000_sess000_run000,65,65,ota/exp0_000065_rxg20_1_fulltrim.cfile,reference/signalout_000065_fulltrim.cfile,1,1,3,1.5,250000,692676,1000000,2770704,exp000_sess000_run000:seg00:slot000065
exp0_000065_rxg20_1_fulltrim:q2,exp000_sess000_run000:seg00:slot000065,exp000_sess000_run000,65,65,ota/exp0_000065_rxg20_1_fulltrim.cfile,reference/signalout_000065_fulltrim.cfile,1,2,5,2.5,250000,692676,1000000,2770704,exp000_sess000_run000:seg00:slot000065
exp0_000065_rxg20_1_fulltrim:q3,exp000_sess000_run000:seg00:slot000065,exp000_sess000_run000,65,65,ota/exp0_000065_rxg20_1_fulltrim.cfile,reference/signalout_000065_fulltrim.cfile,1,3,7,3.5,250000,692676,1000000,2770704,exp000_sess000_run000:seg00:slot000065
exp0_000066_rxg20_0_fulltrim:q0,exp000_sess000_run000:seg00:slot000066,exp000_sess000_run000,66,66,ota/exp0_000066_rxg20_0_fulltrim.cfile,reference/signalout_000066_fulltrim.cfile,0,0,0,0.0,250000,692676,1000000,2770704,exp000_sess000_run000:seg00:slot000066
exp0_000066_rxg20_0_fulltrim:q1,exp000_sess000_run000:seg00:slot000066,exp000_sess000_run000,66,66,ota/exp0_000066_rxg20_0_fulltrim.cfile,reference/signalout_000066_fulltrim.cfile,0,1,2,1.0,250000,692676,1000000,2770704,exp000_sess000_run000:seg00:slot000066
exp0_000066_rxg20_0_fulltrim:q2,exp000_sess000_run000:seg00:slot000066,exp000_sess000_run000,66,66,ota/exp0_000066_rxg20_0_fulltrim.cfile,reference/signalout_000066_fulltrim.cfile,0,2,4,2.0,250000,692676,1000000,2770704,exp000_sess000_run000:seg00:slot000066
exp0_000066_rxg20_0_fulltrim:q3,exp000_sess000_run000:seg00:slot000066,exp000_sess000_run000,66,66,ota/exp0_000066_rxg20_0_fulltrim.cfile,reference/signalout_000066_fulltrim.cfile,0,3,6,3.0,250000,692676,1000000,2770704,exp000_sess000_run000:seg00:slot000066
exp0_000066_rxg20_1_fulltrim:q0,exp000_sess000_run000:seg00:slot000066,exp000_sess000_run000,66,66,ota/exp0_000066_rxg20_1_fulltrim.cfile,reference/signalout_000066_fulltrim.cfile,1,0,1,0.5,250000,692676,1000000,2770704,exp000_sess000_run000:seg00:slot000066
exp0_000066_rxg20_1_fulltrim:q1,exp000_sess000_run000:seg00:slot000066,exp000_sess000_run000,66,66,ota/exp0_000066_rxg20_1_fulltrim.cfile,reference/signalout_000066_fulltrim.cfile,1,1,3,1.5,250000,692676,1000000,2770704,exp000_sess000_run000:seg00:slot000066
exp0_000066_rxg20_1_fulltrim:q2,exp000_sess000_run000:seg00:slot000066,exp000_sess000_run000,66,66,ota/exp0_000066_rxg20_1_fulltrim.cfile,reference/signalout_000066_fulltrim.cfile,1,2,5,2.5,250000,692676,1000000,2770704,exp000_sess000_run000:seg00:slot000066
exp0_000066_rxg20_1_fulltrim:q3,exp000_sess000_run000:seg00:slot000066,exp000_sess000_run000,66,66,ota/exp0_000066_rxg20_1_fulltrim.cfile,reference/signalout_000066_fulltrim.cfile,1,3,7,3.5,250000,692676,1000000,2770704,exp000_sess000_run000:seg00:slot000066
exp0_000067_rxg20_0_fulltrim:q0,exp000_sess000_run000:seg00:slot000067,exp000_sess000_run000,67,67,ota/exp0_000067_rxg20_0_fulltrim.cfile,reference/signalout_000067_fulltrim.cfile,0,0,0,0.0,250000,692676,1000000,2770704,exp000_sess000_run000:seg00:slot000067
exp0_000067_rxg20_0_fulltrim:q1,exp000_sess000_run000:seg00:slot000067,exp000_sess000_run000,67,67,ota/exp0_000067_rxg20_0_fulltrim.cfile,reference/signalout_000067_fulltrim.cfile,0,1,2,1.0,250000,692676,1000000,2770704,exp000_sess000_run000:seg00:slot000067
exp0_000067_rxg20_0_fulltrim:q2,exp000_sess000_run000:seg00:slot000067,exp000_sess000_run000,67,67,ota/exp0_000067_rxg20_0_fulltrim.cfile,reference/signalout_000067_fulltrim.cfile,0,2,4,2.0,250000,692676,1000000,2770704,exp000_sess000_run000:seg00:slot000067
exp0_000067_rxg20_0_fulltrim:q3,exp000_sess000_run000:seg00:slot000067,exp000_sess000_run000,67,67,ota/exp0_000067_rxg20_0_fulltrim.cfile,reference/signalout_000067_fulltrim.cfile,0,3,6,3.0,250000,692676,1000000,2770704,exp000_sess000_run000:seg00:slot000067
exp0_000067_rxg20_1_fulltrim:q0,exp000_sess000_run000:seg00:slot000067,exp000_sess000_run000,67,67,ota/exp0_000067_rxg20_1_fulltrim.cfile,reference/signalout_000067_fulltrim.cfile,1,0,1,0.5,250000,692676,1000000,2770704,exp000_sess000_run000:seg00:slot000067
exp0_000067_rxg20_1_fulltrim:q1,exp000_sess000_run000:seg00:slot000067,exp000_sess000_run000,67,67,ota/exp0_000067_rxg20_1_fulltrim.cfile,reference/signalout_000067_fulltrim.cfile,1,1,3,1.5,250000,692676,1000000,2770704,exp000_sess000_run000:seg00:slot000067
exp0_000067_rxg20_1_fulltrim:q2,exp000_sess000_run000:seg00:slot000067,exp000_sess000_run000,67,67,ota/exp0_000067_rxg20_1_fulltrim.cfile,reference/signalout_000067_fulltrim.cfile,1,2,5,2.5,250000,692676,1000000,2770704,exp000_sess000_run000:seg00:slot000067
exp0_000067_rxg20_1_fulltrim:q3,exp000_sess000_run000:seg00:slot000067,exp000_sess000_run000,67,67,ota/exp0_000067_rxg20_1_fulltrim.cfile,reference/signalout_000067_fulltrim.cfile,1,3,7,3.5,250000,692676,1000000,2770704,exp000_sess000_run000:seg00:slot000067
exp0_000068_rxg20_0_fulltrim:q0,exp000_sess000_run000:seg00:slot000068,exp000_sess000_run000,68,68,ota/exp0_000068_rxg20_0_fulltrim.cfile,reference/signalout_000068_fulltrim.cfile,0,0,0,0.0,250000,692676,1000000,2770704,exp000_sess000_run000:seg00:slot000068
exp0_000068_rxg20_0_fulltrim:q1,exp000_sess000_run000:seg00:slot000068,exp000_sess000_run000,68,68,ota/exp0_000068_rxg20_0_fulltrim.cfile,reference/signalout_000068_fulltrim.cfile,0,1,2,1.0,250000,692676,1000000,2770704,exp000_sess000_run000:seg00:slot000068
exp0_000068_rxg20_0_fulltrim:q2,exp000_sess000_run000:seg00:slot000068,exp000_sess000_run000,68,68,ota/exp0_000068_rxg20_0_fulltrim.cfile,reference/signalout_000068_fulltrim.cfile,0,2,4,2.0,250000,692676,1000000,2770704,exp000_sess000_run000:seg00:slot000068
exp0_000068_rxg20_0_fulltrim:q3,exp000_sess000_run000:seg00:slot000068,exp000_sess000_run000,68,68,ota/exp0_000068_rxg20_0_fulltrim.cfile,reference/signalout_000068_fulltrim.cfile,0,3,6,3.0,250000,692676,1000000,2770704,exp000_sess000_run000:seg00:slot000068
exp0_000068_rxg20_1_fulltrim:q0,exp000_sess000_run000:seg00:slot000068,exp000_sess000_run000,68,68,ota/exp0_000068_rxg20_1_fulltrim.cfile,reference/signalout_000068_fulltrim.cfile,1,0,1,0.5,250000,692676,1000000,2770704,exp000_sess000_run000:seg00:slot000068
exp0_000068_rxg20_1_fulltrim:q1,exp000_sess000_run000:seg00:slot000068,exp000_sess000_run000,68,68,ota/exp0_000068_rxg20_1_fulltrim.cfile,reference/signalout_000068_fulltrim.cfile,1,1,3,1.5,250000,692676,1000000,2770704,exp000_sess000_run000:seg00:slot000068
exp0_000068_rxg20_1_fulltrim:q2,exp000_sess000_run000:seg00:slot000068,exp000_sess000_run000,68,68,ota/exp0_000068_rxg20_1_fulltrim.cfile,reference/signalout_000068_fulltrim.cfile,1,2,5,2.5,250000,692676,1000000,2770704,exp000_sess000_run000:seg00:slot000068
exp0_000068_rxg20_1_fulltrim:q3,exp000_sess000_run000:seg00:slot000068,exp000_sess000_run000,68,68,ota/exp0_000068_rxg20_1_fulltrim.cfile,reference/signalout_000068_fulltrim.cfile,1,3,7,3.5,250000,692676,1000000,2770704,exp000_sess000_run000:seg00:slot000068
exp0_000069_rxg20_0_fulltrim:q0,exp000_sess000_run000:seg00:slot000069,exp000_sess000_run000,69,69,ota/exp0_000069_rxg20_0_fulltrim.cfile,reference/signalout_000069_fulltrim.cfile,0,0,0,0.0,250000,692676,1000000,2770704,exp000_sess000_run000:seg00:slot000069
exp0_000069_rxg20_0_fulltrim:q1,exp000_sess000_run000:seg00:slot000069,exp000_sess000_run000,69,69,ota/exp0_000069_rxg20_0_fulltrim.cfile,reference/signalout_000069_fulltrim.cfile,0,1,2,1.0,250000,692676,1000000,2770704,exp000_sess000_run000:seg00:slot000069
exp0_000069_rxg20_0_fulltrim:q2,exp000_sess000_run000:seg00:slot000069,exp000_sess000_run000,69,69,ota/exp0_000069_rxg20_0_fulltrim.cfile,reference/signalout_000069_fulltrim.cfile,0,2,4,2.0,250000,692676,1000000,2770704,exp000_sess000_run000:seg00:slot000069
exp0_000069_rxg20_0_fulltrim:q3,exp000_sess000_run000:seg00:slot000069,exp000_sess000_run000,69,69,ota/exp0_000069_rxg20_0_fulltrim.cfile,reference/signalout_000069_fulltrim.cfile,0,3,6,3.0,250000,692676,1000000,2770704,exp000_sess000_run000:seg00:slot000069
exp0_000069_rxg20_1_fulltrim:q0,exp000_sess000_run000:seg00:slot000069,exp000_sess000_run000,69,69,ota/exp0_000069_rxg20_1_fulltrim.cfile,reference/signalout_000069_fulltrim.cfile,1,0,1,0.5,250000,692676,1000000,2770704,exp000_sess000_run000:seg00:slot000069
exp0_000069_rxg20_1_fulltrim:q1,exp000_sess000_run000:seg00:slot000069,exp000_sess000_run000,69,69,ota/exp0_000069_rxg20_1_fulltrim.cfile,reference/signalout_000069_fulltrim.cfile,1,1,3,1.5,250000,692676,1000000,2770704,exp000_sess000_run000:seg00:slot000069
exp0_000069_rxg20_1_fulltrim:q2,exp000_sess000_run000:seg00:slot000069,exp000_sess000_run000,69,69,ota/exp0_000069_rxg20_1_fulltrim.cfile,reference/signalout_000069_fulltrim.cfile,1,2,5,2.5,250000,692676,1000000,2770704,exp000_sess000_run000:seg00:slot000069
exp0_000069_rxg20_1_fulltrim:q3,exp000_sess000_run000:seg00:slot000069,exp000_sess000_run000,69,69,ota/exp0_000069_rxg20_1_fulltrim.cfile,reference/signalout_000069_fulltrim.cfile,1,3,7,3.5,250000,692676,1000000,2770704,exp000_sess000_run000:seg00:slot000069
exp0_000070_rxg20_0_fulltrim:q0,exp000_sess000_run000:seg00:slot000070,exp000_sess000_run000,70,70,ota/exp0_000070_rxg20_0_fulltrim.cfile,reference/signalout_000070_fulltrim.cfile,0,0,0,0.0,250000,692676,1000000,2770704,exp000_sess000_run000:seg00:slot000070
exp0_000070_rxg20_0_fulltrim:q1,exp000_sess000_run000:seg00:slot000070,exp000_sess000_run000,70,70,ota/exp0_000070_rxg20_0_fulltrim.cfile,reference/signalout_000070_fulltrim.cfile,0,1,2,1.0,250000,692676,1000000,2770704,exp000_sess000_run000:seg00:slot000070
exp0_000070_rxg20_0_fulltrim:q2,exp000_sess000_run000:seg00:slot000070,exp000_sess000_run000,70,70,ota/exp0_000070_rxg20_0_fulltrim.cfile,reference/signalout_000070_fulltrim.cfile,0,2,4,2.0,250000,692676,1000000,2770704,exp000_sess000_run000:seg00:slot000070
exp0_000070_rxg20_0_fulltrim:q3,exp000_sess000_run000:seg00:slot000070,exp000_sess000_run000,70,70,ota/exp0_000070_rxg20_0_fulltrim.cfile,reference/signalout_000070_fulltrim.cfile,0,3,6,3.0,250000,692676,1000000,2770704,exp000_sess000_run000:seg00:slot000070
exp0_000070_rxg20_1_fulltrim:q0,exp000_sess000_run000:seg00:slot000070,exp000_sess000_run000,70,70,ota/exp0_000070_rxg20_1_fulltrim.cfile,reference/signalout_000070_fulltrim.cfile,1,0,1,0.5,250000,692676,1000000,2770704,exp000_sess000_run000:seg00:slot000070
exp0_000070_rxg20_1_fulltrim:q1,exp000_sess000_run000:seg00:slot000070,exp000_sess000_run000,70,70,ota/exp0_000070_rxg20_1_fulltrim.cfile,reference/signalout_000070_fulltrim.cfile,1,1,3,1.5,250000,692676,1000000,2770704,exp000_sess000_run000:seg00:slot000070
exp0_000070_rxg20_1_fulltrim:q2,exp000_sess000_run000:seg00:slot000070,exp000_sess000_run000,70,70,ota/exp0_000070_rxg20_1_fulltrim.cfile,reference/signalout_000070_fulltrim.cfile,1,2,5,2.5,250000,692676,1000000,2770704,exp000_sess000_run000:seg00:slot000070
exp0_000070_rxg20_1_fulltrim:q3,exp000_sess000_run000:seg00:slot000070,exp000_sess000_run000,70,70,ota/exp0_000070_rxg20_1_fulltrim.cfile,reference/signalout_000070_fulltrim.cfile,1,3,7,3.5,250000,692676,1000000,2770704,exp000_sess000_run000:seg00:slot000070
exp0_000071_rxg20_0_fulltrim:q0,exp000_sess000_run000:seg00:slot000071,exp000_sess000_run000,71,71,ota/exp0_000071_rxg20_0_fulltrim.cfile,reference/signalout_000071_fulltrim.cfile,0,0,0,0.0,250000,692676,1000000,2770704,exp000_sess000_run000:seg00:slot000071
exp0_000071_rxg20_0_fulltrim:q1,exp000_sess000_run000:seg00:slot000071,exp000_sess000_run000,71,71,ota/exp0_000071_rxg20_0_fulltrim.cfile,reference/signalout_000071_fulltrim.cfile,0,1,2,1.0,250000,692676,1000000,2770704,exp000_sess000_run000:seg00:slot000071
exp0_000071_rxg20_0_fulltrim:q2,exp000_sess000_run000:seg00:slot000071,exp000_sess000_run000,71,71,ota/exp0_000071_rxg20_0_fulltrim.cfile,reference/signalout_000071_fulltrim.cfile,0,2,4,2.0,250000,692676,1000000,2770704,exp000_sess000_run000:seg00:slot000071
exp0_000071_rxg20_0_fulltrim:q3,exp000_sess000_run000:seg00:slot000071,exp000_sess000_run000,71,71,ota/exp0_000071_rxg20_0_fulltrim.cfile,reference/signalout_000071_fulltrim.cfile,0,3,6,3.0,250000,692676,1000000,2770704,exp000_sess000_run000:seg00:slot000071
exp0_000071_rxg20_1_fulltrim:q0,exp000_sess000_run000:seg00:slot000071,exp000_sess000_run000,71,71,ota/exp0_000071_rxg20_1_fulltrim.cfile,reference/signalout_000071_fulltrim.cfile,1,0,1,0.5,250000,692676,1000000,2770704,exp000_sess000_run000:seg00:slot000071
exp0_000071_rxg20_1_fulltrim:q1,exp000_sess000_run000:seg00:slot000071,exp000_sess000_run000,71,71,ota/exp0_000071_rxg20_1_fulltrim.cfile,reference/signalout_000071_fulltrim.cfile,1,1,3,1.5,250000,692676,1000000,2770704,exp000_sess000_run000:seg00:slot000071
exp0_000071_rxg20_1_fulltrim:q2,exp000_sess000_run000:seg00:slot000071,exp000_sess000_run000,71,71,ota/exp0_000071_rxg20_1_fulltrim.cfile,reference/signalout_000071_fulltrim.cfile,1,2,5,2.5,250000,692676,1000000,2770704,exp000_sess000_run000:seg00:slot000071
exp0_000071_rxg20_1_fulltrim:q3,exp000_sess000_run000:seg00:slot000071,exp000_sess000_run000,71,71,ota/exp0_000071_rxg20_1_fulltrim.cfile,reference/signalout_000071_fulltrim.cfile,1,3,7,3.5,250000,692676,1000000,2770704,exp000_sess000_run000:seg00:slot000071
exp0_000072_rxg20_0_fulltrim:q0,exp000_sess000_run000:seg00:slot000072,exp000_sess000_run000,72,72,ota/exp0_000072_rxg20_0_fulltrim.cfile,reference/signalout_000072_fulltrim.cfile,0,0,0,0.0,250000,692676,1000000,2770704,exp000_sess000_run000:seg00:slot000072
exp0_000072_rxg20_0_fulltrim:q1,exp000_sess000_run000:seg00:slot000072,exp000_sess000_run000,72,72,ota/exp0_000072_rxg20_0_fulltrim.cfile,reference/signalout_000072_fulltrim.cfile,0,1,2,1.0,250000,692676,1000000,2770704,exp000_sess000_run000:seg00:slot000072
exp0_000072_rxg20_0_fulltrim:q2,exp000_sess000_run000:seg00:slot000072,exp000_sess000_run000,72,72,ota/exp0_000072_rxg20_0_fulltrim.cfile,reference/signalout_000072_fulltrim.cfile,0,2,4,2.0,250000,692676,1000000,2770704,exp000_sess000_run000:seg00:slot000072
exp0_000072_rxg20_0_fulltrim:q3,exp000_sess000_run000:seg00:slot000072,exp000_sess000_run000,72,72,ota/exp0_000072_rxg20_0_fulltrim.cfile,reference/signalout_000072_fulltrim.cfile,0,3,6,3.0,250000,692676,1000000,2770704,exp000_sess000_run000:seg00:slot000072
exp0_000072_rxg20_1_fulltrim:q0,exp000_sess000_run000:seg00:slot000072,exp000_sess000_run000,72,72,ota/exp0_000072_rxg20_1_fulltrim.cfile,reference/signalout_000072_fulltrim.cfile,1,0,1,0.5,250000,692676,1000000,2770704,exp000_sess000_run000:seg00:slot000072
exp0_000072_rxg20_1_fulltrim:q1,exp000_sess000_run000:seg00:slot000072,exp000_sess000_run000,72,72,ota/exp0_000072_rxg20_1_fulltrim.cfile,reference/signalout_000072_fulltrim.cfile,1,1,3,1.5,250000,692676,1000000,2770704,exp000_sess000_run000:seg00:slot000072
exp0_000072_rxg20_1_fulltrim:q2,exp000_sess000_run000:seg00:slot000072,exp000_sess000_run000,72,72,ota/exp0_000072_rxg20_1_fulltrim.cfile,reference/signalout_000072_fulltrim.cfile,1,2,5,2.5,250000,692676,1000000,2770704,exp000_sess000_run000:seg00:slot000072
exp0_000072_rxg20_1_fulltrim:q3,exp000_sess000_run000:seg00:slot000072,exp000_sess000_run000,72,72,ota/exp0_000072_rxg20_1_fulltrim.cfile,reference/signalout_000072_fulltrim.cfile,1,3,7,3.5,250000,692676,1000000,2770704,exp000_sess000_run000:seg00:slot000072
exp0_000073_rxg20_0_fulltrim:q0,exp000_sess000_run000:seg00:slot000073,exp000_sess000_run000,73,73,ota/exp0_000073_rxg20_0_fulltrim.cfile,reference/signalout_000073_fulltrim.cfile,0,0,0,0.0,250000,692676,1000000,2770704,exp000_sess000_run000:seg00:slot000073
exp0_000073_rxg20_0_fulltrim:q1,exp000_sess000_run000:seg00:slot000073,exp000_sess000_run000,73,73,ota/exp0_000073_rxg20_0_fulltrim.cfile,reference/signalout_000073_fulltrim.cfile,0,1,2,1.0,250000,692676,1000000,2770704,exp000_sess000_run000:seg00:slot000073
exp0_000073_rxg20_0_fulltrim:q2,exp000_sess000_run000:seg00:slot000073,exp000_sess000_run000,73,73,ota/exp0_000073_rxg20_0_fulltrim.cfile,reference/signalout_000073_fulltrim.cfile,0,2,4,2.0,250000,692676,1000000,2770704,exp000_sess000_run000:seg00:slot000073
exp0_000073_rxg20_0_fulltrim:q3,exp000_sess000_run000:seg00:slot000073,exp000_sess000_run000,73,73,ota/exp0_000073_rxg20_0_fulltrim.cfile,reference/signalout_000073_fulltrim.cfile,0,3,6,3.0,250000,692676,1000000,2770704,exp000_sess000_run000:seg00:slot000073
exp0_000073_rxg20_1_fulltrim:q0,exp000_sess000_run000:seg00:slot000073,exp000_sess000_run000,73,73,ota/exp0_000073_rxg20_1_fulltrim.cfile,reference/signalout_000073_fulltrim.cfile,1,0,1,0.5,250000,692676,1000000,2770704,exp000_sess000_run000:seg00:slot000073
exp0_000073_rxg20_1_fulltrim:q1,exp000_sess000_run000:seg00:slot000073,exp000_sess000_run000,73,73,ota/exp0_000073_rxg20_1_fulltrim.cfile,reference/signalout_000073_fulltrim.cfile,1,1,3,1.5,250000,692676,1000000,2770704,exp000_sess000_run000:seg00:slot000073
exp0_000073_rxg20_1_fulltrim:q2,exp000_sess000_run000:seg00:slot000073,exp000_sess000_run000,73,73,ota/exp0_000073_rxg20_1_fulltrim.cfile,reference/signalout_000073_fulltrim.cfile,1,2,5,2.5,250000,692676,1000000,2770704,exp000_sess000_run000:seg00:slot000073
exp0_000073_rxg20_1_fulltrim:q3,exp000_sess000_run000:seg00:slot000073,exp000_sess000_run000,73,73,ota/exp0_000073_rxg20_1_fulltrim.cfile,reference/signalout_000073_fulltrim.cfile,1,3,7,3.5,250000,692676,1000000,2770704,exp000_sess000_run000:seg00:slot000073
exp0_000074_rxg20_0_fulltrim:q0,exp000_sess000_run000:seg00:slot000074,exp000_sess000_run000,74,74,ota/exp0_000074_rxg20_0_fulltrim.cfile,reference/signalout_000074_fulltrim.cfile,0,0,0,0.0,250000,692676,1000000,2770704,exp000_sess000_run000:seg00:slot000074
exp0_000074_rxg20_0_fulltrim:q1,exp000_sess000_run000:seg00:slot000074,exp000_sess000_run000,74,74,ota/exp0_000074_rxg20_0_fulltrim.cfile,reference/signalout_000074_fulltrim.cfile,0,1,2,1.0,250000,692676,1000000,2770704,exp000_sess000_run000:seg00:slot000074
exp0_000074_rxg20_0_fulltrim:q2,exp000_sess000_run000:seg00:slot000074,exp000_sess000_run000,74,74,ota/exp0_000074_rxg20_0_fulltrim.cfile,reference/signalout_000074_fulltrim.cfile,0,2,4,2.0,250000,692676,1000000,2770704,exp000_sess000_run000:seg00:slot000074
exp0_000074_rxg20_0_fulltrim:q3,exp000_sess000_run000:seg00:slot000074,exp000_sess000_run000,74,74,ota/exp0_000074_rxg20_0_fulltrim.cfile,reference/signalout_000074_fulltrim.cfile,0,3,6,3.0,250000,692676,1000000,2770704,exp000_sess000_run000:seg00:slot000074
exp0_000074_rxg20_1_fulltrim:q0,exp000_sess000_run000:seg00:slot000074,exp000_sess000_run000,74,74,ota/exp0_000074_rxg20_1_fulltrim.cfile,reference/signalout_000074_fulltrim.cfile,1,0,1,0.5,250000,692676,1000000,2770704,exp000_sess000_run000:seg00:slot000074
exp0_000074_rxg20_1_fulltrim:q1,exp000_sess000_run000:seg00:slot000074,exp000_sess000_run000,74,74,ota/exp0_000074_rxg20_1_fulltrim.cfile,reference/signalout_000074_fulltrim.cfile,1,1,3,1.5,250000,692676,1000000,2770704,exp000_sess000_run000:seg00:slot000074
exp0_000074_rxg20_1_fulltrim:q2,exp000_sess000_run000:seg00:slot000074,exp000_sess000_run000,74,74,ota/exp0_000074_rxg20_1_fulltrim.cfile,reference/signalout_000074_fulltrim.cfile,1,2,5,2.5,250000,692676,1000000,2770704,exp000_sess000_run000:seg00:slot000074
exp0_000074_rxg20_1_fulltrim:q3,exp000_sess000_run000:seg00:slot000074,exp000_sess000_run000,74,74,ota/exp0_000074_rxg20_1_fulltrim.cfile,reference/signalout_000074_fulltrim.cfile,1,3,7,3.5,250000,692676,1000000,2770704,exp000_sess000_run000:seg00:slot000074
exp0_000075_rxg20_0_fulltrim:q0,exp000_sess000_run000:seg00:slot000075,exp000_sess000_run000,75,75,ota/exp0_000075_rxg20_0_fulltrim.cfile,reference/signalout_000075_fulltrim.cfile,0,0,0,0.0,250000,692676,1000000,2770704,exp000_sess000_run000:seg00:slot000075
exp0_000075_rxg20_0_fulltrim:q1,exp000_sess000_run000:seg00:slot000075,exp000_sess000_run000,75,75,ota/exp0_000075_rxg20_0_fulltrim.cfile,reference/signalout_000075_fulltrim.cfile,0,1,2,1.0,250000,692676,1000000,2770704,exp000_sess000_run000:seg00:slot000075
exp0_000075_rxg20_0_fulltrim:q2,exp000_sess000_run000:seg00:slot000075,exp000_sess000_run000,75,75,ota/exp0_000075_rxg20_0_fulltrim.cfile,reference/signalout_000075_fulltrim.cfile,0,2,4,2.0,250000,692676,1000000,2770704,exp000_sess000_run000:seg00:slot000075
exp0_000075_rxg20_0_fulltrim:q3,exp000_sess000_run000:seg00:slot000075,exp000_sess000_run000,75,75,ota/exp0_000075_rxg20_0_fulltrim.cfile,reference/signalout_000075_fulltrim.cfile,0,3,6,3.0,250000,692676,1000000,2770704,exp000_sess000_run000:seg00:slot000075
exp0_000075_rxg20_1_fulltrim:q0,exp000_sess000_run000:seg00:slot000075,exp000_sess000_run000,75,75,ota/exp0_000075_rxg20_1_fulltrim.cfile,reference/signalout_000075_fulltrim.cfile,1,0,1,0.5,250000,692676,1000000,2770704,exp000_sess000_run000:seg00:slot000075
exp0_000075_rxg20_1_fulltrim:q1,exp000_sess000_run000:seg00:slot000075,exp000_sess000_run000,75,75,ota/exp0_000075_rxg20_1_fulltrim.cfile,reference/signalout_000075_fulltrim.cfile,1,1,3,1.5,250000,692676,1000000,2770704,exp000_sess000_run000:seg00:slot000075
exp0_000075_rxg20_1_fulltrim:q2,exp000_sess000_run000:seg00:slot000075,exp000_sess000_run000,75,75,ota/exp0_000075_rxg20_1_fulltrim.cfile,reference/signalout_000075_fulltrim.cfile,1,2,5,2.5,250000,692676,1000000,2770704,exp000_sess000_run000:seg00:slot000075
exp0_000075_rxg20_1_fulltrim:q3,exp000_sess000_run000:seg00:slot000075,exp000_sess000_run000,75,75,ota/exp0_000075_rxg20_1_fulltrim.cfile,reference/signalout_000075_fulltrim.cfile,1,3,7,3.5,250000,692676,1000000,2770704,exp000_sess000_run000:seg00:slot000075
exp0_000076_rxg20_0_fulltrim:q0,exp000_sess000_run000:seg00:slot000076,exp000_sess000_run000,76,76,ota/exp0_000076_rxg20_0_fulltrim.cfile,reference/signalout_000076_fulltrim.cfile,0,0,0,0.0,250000,692676,1000000,2770704,exp000_sess000_run000:seg00:slot000076
exp0_000076_rxg20_0_fulltrim:q1,exp000_sess000_run000:seg00:slot000076,exp000_sess000_run000,76,76,ota/exp0_000076_rxg20_0_fulltrim.cfile,reference/signalout_000076_fulltrim.cfile,0,1,2,1.0,250000,692676,1000000,2770704,exp000_sess000_run000:seg00:slot000076
exp0_000076_rxg20_0_fulltrim:q2,exp000_sess000_run000:seg00:slot000076,exp000_sess000_run000,76,76,ota/exp0_000076_rxg20_0_fulltrim.cfile,reference/signalout_000076_fulltrim.cfile,0,2,4,2.0,250000,692676,1000000,2770704,exp000_sess000_run000:seg00:slot000076
exp0_000076_rxg20_0_fulltrim:q3,exp000_sess000_run000:seg00:slot000076,exp000_sess000_run000,76,76,ota/exp0_000076_rxg20_0_fulltrim.cfile,reference/signalout_000076_fulltrim.cfile,0,3,6,3.0,250000,692676,1000000,2770704,exp000_sess000_run000:seg00:slot000076
exp0_000076_rxg20_1_fulltrim:q0,exp000_sess000_run000:seg00:slot000076,exp000_sess000_run000,76,76,ota/exp0_000076_rxg20_1_fulltrim.cfile,reference/signalout_000076_fulltrim.cfile,1,0,1,0.5,250000,692676,1000000,2770704,exp000_sess000_run000:seg00:slot000076
exp0_000076_rxg20_1_fulltrim:q1,exp000_sess000_run000:seg00:slot000076,exp000_sess000_run000,76,76,ota/exp0_000076_rxg20_1_fulltrim.cfile,reference/signalout_000076_fulltrim.cfile,1,1,3,1.5,250000,692676,1000000,2770704,exp000_sess000_run000:seg00:slot000076
exp0_000076_rxg20_1_fulltrim:q2,exp000_sess000_run000:seg00:slot000076,exp000_sess000_run000,76,76,ota/exp0_000076_rxg20_1_fulltrim.cfile,reference/signalout_000076_fulltrim.cfile,1,2,5,2.5,250000,692676,1000000,2770704,exp000_sess000_run000:seg00:slot000076
exp0_000076_rxg20_1_fulltrim:q3,exp000_sess000_run000:seg00:slot000076,exp000_sess000_run000,76,76,ota/exp0_000076_rxg20_1_fulltrim.cfile,reference/signalout_000076_fulltrim.cfile,1,3,7,3.5,250000,692676,1000000,2770704,exp000_sess000_run000:seg00:slot000076
exp0_000077_rxg20_0_fulltrim:q0,exp000_sess000_run000:seg00:slot000077,exp000_sess000_run000,77,77,ota/exp0_000077_rxg20_0_fulltrim.cfile,reference/signalout_000077_fulltrim.cfile,0,0,0,0.0,250000,692676,1000000,2770704,exp000_sess000_run000:seg00:slot000077
exp0_000077_rxg20_0_fulltrim:q1,exp000_sess000_run000:seg00:slot000077,exp000_sess000_run000,77,77,ota/exp0_000077_rxg20_0_fulltrim.cfile,reference/signalout_000077_fulltrim.cfile,0,1,2,1.0,250000,692676,1000000,2770704,exp000_sess000_run000:seg00:slot000077
exp0_000077_rxg20_0_fulltrim:q2,exp000_sess000_run000:seg00:slot000077,exp000_sess000_run000,77,77,ota/exp0_000077_rxg20_0_fulltrim.cfile,reference/signalout_000077_fulltrim.cfile,0,2,4,2.0,250000,692676,1000000,2770704,exp000_sess000_run000:seg00:slot000077
exp0_000077_rxg20_0_fulltrim:q3,exp000_sess000_run000:seg00:slot000077,exp000_sess000_run000,77,77,ota/exp0_000077_rxg20_0_fulltrim.cfile,reference/signalout_000077_fulltrim.cfile,0,3,6,3.0,250000,692676,1000000,2770704,exp000_sess000_run000:seg00:slot000077
exp0_000077_rxg20_1_fulltrim:q0,exp000_sess000_run000:seg00:slot000077,exp000_sess000_run000,77,77,ota/exp0_000077_rxg20_1_fulltrim.cfile,reference/signalout_000077_fulltrim.cfile,1,0,1,0.5,250000,692676,1000000,2770704,exp000_sess000_run000:seg00:slot000077
exp0_000077_rxg20_1_fulltrim:q1,exp000_sess000_run000:seg00:slot000077,exp000_sess000_run000,77,77,ota/exp0_000077_rxg20_1_fulltrim.cfile,reference/signalout_000077_fulltrim.cfile,1,1,3,1.5,250000,692676,1000000,2770704,exp000_sess000_run000:seg00:slot000077
exp0_000077_rxg20_1_fulltrim:q2,exp000_sess000_run000:seg00:slot000077,exp000_sess000_run000,77,77,ota/exp0_000077_rxg20_1_fulltrim.cfile,reference/signalout_000077_fulltrim.cfile,1,2,5,2.5,250000,692676,1000000,2770704,exp000_sess000_run000:seg00:slot000077
exp0_000077_rxg20_1_fulltrim:q3,exp000_sess000_run000:seg00:slot000077,exp000_sess000_run000,77,77,ota/exp0_000077_rxg20_1_fulltrim.cfile,reference/signalout_000077_fulltrim.cfile,1,3,7,3.5,250000,692676,1000000,2770704,exp000_sess000_run000:seg00:slot000077
exp0_000078_rxg20_0_fulltrim:q0,exp000_sess000_run000:seg00:slot000078,exp000_sess000_run000,78,78,ota/exp0_000078_rxg20_0_fulltrim.cfile,reference/signalout_000078_fulltrim.cfile,0,0,0,0.0,250000,692676,1000000,2770704,exp000_sess000_run000:seg00:slot000078
exp0_000078_rxg20_0_fulltrim:q1,exp000_sess000_run000:seg00:slot000078,exp000_sess000_run000,78,78,ota/exp0_000078_rxg20_0_fulltrim.cfile,reference/signalout_000078_fulltrim.cfile,0,1,2,1.0,250000,692676,1000000,2770704,exp000_sess000_run000:seg00:slot000078
exp0_000078_rxg20_0_fulltrim:q2,exp000_sess000_run000:seg00:slot000078,exp000_sess000_run000,78,78,ota/exp0_000078_rxg20_0_fulltrim.cfile,reference/signalout_000078_fulltrim.cfile,0,2,4,2.0,250000,692676,1000000,2770704,exp000_sess000_run000:seg00:slot000078
exp0_000078_rxg20_0_fulltrim:q3,exp000_sess000_run000:seg00:slot000078,exp000_sess000_run000,78,78,ota/exp0_000078_rxg20_0_fulltrim.cfile,reference/signalout_000078_fulltrim.cfile,0,3,6,3.0,250000,692676,1000000,2770704,exp000_sess000_run000:seg00:slot000078
exp0_000078_rxg20_1_fulltrim:q0,exp000_sess000_run000:seg00:slot000078,exp000_sess000_run000,78,78,ota/exp0_000078_rxg20_1_fulltrim.cfile,reference/signalout_000078_fulltrim.cfile,1,0,1,0.5,250000,692676,1000000,2770704,exp000_sess000_run000:seg00:slot000078
exp0_000078_rxg20_1_fulltrim:q1,exp000_sess000_run000:seg00:slot000078,exp000_sess000_run000,78,78,ota/exp0_000078_rxg20_1_fulltrim.cfile,reference/signalout_000078_fulltrim.cfile,1,1,3,1.5,250000,692676,1000000,2770704,exp000_sess000_run000:seg00:slot000078
exp0_000078_rxg20_1_fulltrim:q2,exp000_sess000_run000:seg00:slot000078,exp000_sess000_run000,78,78,ota/exp0_000078_rxg20_1_fulltrim.cfile,reference/signalout_000078_fulltrim.cfile,1,2,5,2.5,250000,692676,1000000,2770704,exp000_sess000_run000:seg00:slot000078
exp0_000078_rxg20_1_fulltrim:q3,exp000_sess000_run000:seg00:slot000078,exp000_sess000_run000,78,78,ota/exp0_000078_rxg20_1_fulltrim.cfile,reference/signalout_000078_fulltrim.cfile,1,3,7,3.5,250000,692676,1000000,2770704,exp000_sess000_run000:seg00:slot000078
exp0_000079_rxg20_0_fulltrim:q0,exp000_sess000_run000:seg00:slot000079,exp000_sess000_run000,79,79,ota/exp0_000079_rxg20_0_fulltrim.cfile,reference/signalout_000079_fulltrim.cfile,0,0,0,0.0,250000,692676,1000000,2770704,exp000_sess000_run000:seg00:slot000079
exp0_000079_rxg20_0_fulltrim:q1,exp000_sess000_run000:seg00:slot000079,exp000_sess000_run000,79,79,ota/exp0_000079_rxg20_0_fulltrim.cfile,reference/signalout_000079_fulltrim.cfile,0,1,2,1.0,250000,692676,1000000,2770704,exp000_sess000_run000:seg00:slot000079
exp0_000079_rxg20_0_fulltrim:q2,exp000_sess000_run000:seg00:slot000079,exp000_sess000_run000,79,79,ota/exp0_000079_rxg20_0_fulltrim.cfile,reference/signalout_000079_fulltrim.cfile,0,2,4,2.0,250000,692676,1000000,2770704,exp000_sess000_run000:seg00:slot000079
exp0_000079_rxg20_0_fulltrim:q3,exp000_sess000_run000:seg00:slot000079,exp000_sess000_run000,79,79,ota/exp0_000079_rxg20_0_fulltrim.cfile,reference/signalout_000079_fulltrim.cfile,0,3,6,3.0,250000,692676,1000000,2770704,exp000_sess000_run000:seg00:slot000079
exp0_000079_rxg20_1_fulltrim:q0,exp000_sess000_run000:seg00:slot000079,exp000_sess000_run000,79,79,ota/exp0_000079_rxg20_1_fulltrim.cfile,reference/signalout_000079_fulltrim.cfile,1,0,1,0.5,250000,692676,1000000,2770704,exp000_sess000_run000:seg00:slot000079
exp0_000079_rxg20_1_fulltrim:q1,exp000_sess000_run000:seg00:slot000079,exp000_sess000_run000,79,79,ota/exp0_000079_rxg20_1_fulltrim.cfile,reference/signalout_000079_fulltrim.cfile,1,1,3,1.5,250000,692676,1000000,2770704,exp000_sess000_run000:seg00:slot000079
exp0_000079_rxg20_1_fulltrim:q2,exp000_sess000_run000:seg00:slot000079,exp000_sess000_run000,79,79,ota/exp0_000079_rxg20_1_fulltrim.cfile,reference/signalout_000079_fulltrim.cfile,1,2,5,2.5,250000,692676,1000000,2770704,exp000_sess000_run000:seg00:slot000079
exp0_000079_rxg20_1_fulltrim:q3,exp000_sess000_run000:seg00:slot000079,exp000_sess000_run000,79,79,ota/exp0_000079_rxg20_1_fulltrim.cfile,reference/signalout_000079_fulltrim.cfile,1,3,7,3.5,250000,692676,1000000,2770704,exp000_sess000_run000:seg00:slot000079
exp0_000080_rxg20_0_fulltrim:q0,exp000_sess000_run000:seg00:slot000080,exp000_sess000_run000,80,80,ota/exp0_000080_rxg20_0_fulltrim.cfile,reference/signalout_000080_fulltrim.cfile,0,0,0,0.0,250000,692676,1000000,2770704,exp000_sess000_run000:seg00:slot000080
exp0_000080_rxg20_0_fulltrim:q1,exp000_sess000_run000:seg00:slot000080,exp000_sess000_run000,80,80,ota/exp0_000080_rxg20_0_fulltrim.cfile,reference/signalout_000080_fulltrim.cfile,0,1,2,1.0,250000,692676,1000000,2770704,exp000_sess000_run000:seg00:slot000080
exp0_000080_rxg20_0_fulltrim:q2,exp000_sess000_run000:seg00:slot000080,exp000_sess000_run000,80,80,ota/exp0_000080_rxg20_0_fulltrim.cfile,reference/signalout_000080_fulltrim.cfile,0,2,4,2.0,250000,692676,1000000,2770704,exp000_sess000_run000:seg00:slot000080
exp0_000080_rxg20_0_fulltrim:q3,exp000_sess000_run000:seg00:slot000080,exp000_sess000_run000,80,80,ota/exp0_000080_rxg20_0_fulltrim.cfile,reference/signalout_000080_fulltrim.cfile,0,3,6,3.0,250000,692676,1000000,2770704,exp000_sess000_run000:seg00:slot000080
exp0_000080_rxg20_1_fulltrim:q0,exp000_sess000_run000:seg00:slot000080,exp000_sess000_run000,80,80,ota/exp0_000080_rxg20_1_fulltrim.cfile,reference/signalout_000080_fulltrim.cfile,1,0,1,0.5,250000,692676,1000000,2770704,exp000_sess000_run000:seg00:slot000080
exp0_000080_rxg20_1_fulltrim:q1,exp000_sess000_run000:seg00:slot000080,exp000_sess000_run000,80,80,ota/exp0_000080_rxg20_1_fulltrim.cfile,reference/signalout_000080_fulltrim.cfile,1,1,3,1.5,250000,692676,1000000,2770704,exp000_sess000_run000:seg00:slot000080
exp0_000080_rxg20_1_fulltrim:q2,exp000_sess000_run000:seg00:slot000080,exp000_sess000_run000,80,80,ota/exp0_000080_rxg20_1_fulltrim.cfile,reference/signalout_000080_fulltrim.cfile,1,2,5,2.5,250000,692676,1000000,2770704,exp000_sess000_run000:seg00:slot000080
exp0_000080_rxg20_1_fulltrim:q3,exp000_sess000_run000:seg00:slot000080,exp000_sess000_run000,80,80,ota/exp0_000080_rxg20_1_fulltrim.cfile,reference/signalout_000080_fulltrim.cfile,1,3,7,3.5,250000,692676,1000000,2770704,exp000_sess000_run000:seg00:slot000080
exp0_000081_rxg20_0_fulltrim:q0,exp000_sess000_run000:seg00:slot000081,exp000_sess000_run000,81,81,ota/exp0_000081_rxg20_0_fulltrim.cfile,reference/signalout_000081_fulltrim.cfile,0,0,0,0.0,250000,692676,1000000,2770704,exp000_sess000_run000:seg00:slot000081
exp0_000081_rxg20_0_fulltrim:q1,exp000_sess000_run000:seg00:slot000081,exp000_sess000_run000,81,81,ota/exp0_000081_rxg20_0_fulltrim.cfile,reference/signalout_000081_fulltrim.cfile,0,1,2,1.0,250000,692676,1000000,2770704,exp000_sess000_run000:seg00:slot000081
exp0_000081_rxg20_0_fulltrim:q2,exp000_sess000_run000:seg00:slot000081,exp000_sess000_run000,81,81,ota/exp0_000081_rxg20_0_fulltrim.cfile,reference/signalout_000081_fulltrim.cfile,0,2,4,2.0,250000,692676,1000000,2770704,exp000_sess000_run000:seg00:slot000081
exp0_000081_rxg20_0_fulltrim:q3,exp000_sess000_run000:seg00:slot000081,exp000_sess000_run000,81,81,ota/exp0_000081_rxg20_0_fulltrim.cfile,reference/signalout_000081_fulltrim.cfile,0,3,6,3.0,250000,692676,1000000,2770704,exp000_sess000_run000:seg00:slot000081
exp0_000081_rxg20_1_fulltrim:q0,exp000_sess000_run000:seg00:slot000081,exp000_sess000_run000,81,81,ota/exp0_000081_rxg20_1_fulltrim.cfile,reference/signalout_000081_fulltrim.cfile,1,0,1,0.5,250000,692676,1000000,2770704,exp000_sess000_run000:seg00:slot000081
exp0_000081_rxg20_1_fulltrim:q1,exp000_sess000_run000:seg00:slot000081,exp000_sess000_run000,81,81,ota/exp0_000081_rxg20_1_fulltrim.cfile,reference/signalout_000081_fulltrim.cfile,1,1,3,1.5,250000,692676,1000000,2770704,exp000_sess000_run000:seg00:slot000081
exp0_000081_rxg20_1_fulltrim:q2,exp000_sess000_run000:seg00:slot000081,exp000_sess000_run000,81,81,ota/exp0_000081_rxg20_1_fulltrim.cfile,reference/signalout_000081_fulltrim.cfile,1,2,5,2.5,250000,692676,1000000,2770704,exp000_sess000_run000:seg00:slot000081
exp0_000081_rxg20_1_fulltrim:q3,exp000_sess000_run000:seg00:slot000081,exp000_sess000_run000,81,81,ota/exp0_000081_rxg20_1_fulltrim.cfile,reference/signalout_000081_fulltrim.cfile,1,3,7,3.5,250000,692676,1000000,2770704,exp000_sess000_run000:seg00:slot000081
exp0_000082_rxg20_0_fulltrim:q0,exp000_sess000_run000:seg00:slot000082,exp000_sess000_run000,82,82,ota/exp0_000082_rxg20_0_fulltrim.cfile,reference/signalout_000082_fulltrim.cfile,0,0,0,0.0,250000,692676,1000000,2770704,exp000_sess000_run000:seg00:slot000082
exp0_000082_rxg20_0_fulltrim:q1,exp000_sess000_run000:seg00:slot000082,exp000_sess000_run000,82,82,ota/exp0_000082_rxg20_0_fulltrim.cfile,reference/signalout_000082_fulltrim.cfile,0,1,2,1.0,250000,692676,1000000,2770704,exp000_sess000_run000:seg00:slot000082
exp0_000082_rxg20_0_fulltrim:q2,exp000_sess000_run000:seg00:slot000082,exp000_sess000_run000,82,82,ota/exp0_000082_rxg20_0_fulltrim.cfile,reference/signalout_000082_fulltrim.cfile,0,2,4,2.0,250000,692676,1000000,2770704,exp000_sess000_run000:seg00:slot000082
exp0_000082_rxg20_0_fulltrim:q3,exp000_sess000_run000:seg00:slot000082,exp000_sess000_run000,82,82,ota/exp0_000082_rxg20_0_fulltrim.cfile,reference/signalout_000082_fulltrim.cfile,0,3,6,3.0,250000,692676,1000000,2770704,exp000_sess000_run000:seg00:slot000082
exp0_000082_rxg20_1_fulltrim:q0,exp000_sess000_run000:seg00:slot000082,exp000_sess000_run000,82,82,ota/exp0_000082_rxg20_1_fulltrim.cfile,reference/signalout_000082_fulltrim.cfile,1,0,1,0.5,250000,692676,1000000,2770704,exp000_sess000_run000:seg00:slot000082
exp0_000082_rxg20_1_fulltrim:q1,exp000_sess000_run000:seg00:slot000082,exp000_sess000_run000,82,82,ota/exp0_000082_rxg20_1_fulltrim.cfile,reference/signalout_000082_fulltrim.cfile,1,1,3,1.5,250000,692676,1000000,2770704,exp000_sess000_run000:seg00:slot000082
exp0_000082_rxg20_1_fulltrim:q2,exp000_sess000_run000:seg00:slot000082,exp000_sess000_run000,82,82,ota/exp0_000082_rxg20_1_fulltrim.cfile,reference/signalout_000082_fulltrim.cfile,1,2,5,2.5,250000,692676,1000000,2770704,exp000_sess000_run000:seg00:slot000082
exp0_000082_rxg20_1_fulltrim:q3,exp000_sess000_run000:seg00:slot000082,exp000_sess000_run000,82,82,ota/exp0_000082_rxg20_1_fulltrim.cfile,reference/signalout_000082_fulltrim.cfile,1,3,7,3.5,250000,692676,1000000,2770704,exp000_sess000_run000:seg00:slot000082
exp0_000083_rxg20_0_fulltrim:q0,exp000_sess000_run000:seg00:slot000083,exp000_sess000_run000,83,83,ota/exp0_000083_rxg20_0_fulltrim.cfile,reference/signalout_000083_fulltrim.cfile,0,0,0,0.0,250000,692676,1000000,2770704,exp000_sess000_run000:seg00:slot000083
exp0_000083_rxg20_0_fulltrim:q1,exp000_sess000_run000:seg00:slot000083,exp000_sess000_run000,83,83,ota/exp0_000083_rxg20_0_fulltrim.cfile,reference/signalout_000083_fulltrim.cfile,0,1,2,1.0,250000,692676,1000000,2770704,exp000_sess000_run000:seg00:slot000083
exp0_000083_rxg20_0_fulltrim:q2,exp000_sess000_run000:seg00:slot000083,exp000_sess000_run000,83,83,ota/exp0_000083_rxg20_0_fulltrim.cfile,reference/signalout_000083_fulltrim.cfile,0,2,4,2.0,250000,692676,1000000,2770704,exp000_sess000_run000:seg00:slot000083
exp0_000083_rxg20_0_fulltrim:q3,exp000_sess000_run000:seg00:slot000083,exp000_sess000_run000,83,83,ota/exp0_000083_rxg20_0_fulltrim.cfile,reference/signalout_000083_fulltrim.cfile,0,3,6,3.0,250000,692676,1000000,2770704,exp000_sess000_run000:seg00:slot000083
exp0_000083_rxg20_1_fulltrim:q0,exp000_sess000_run000:seg00:slot000083,exp000_sess000_run000,83,83,ota/exp0_000083_rxg20_1_fulltrim.cfile,reference/signalout_000083_fulltrim.cfile,1,0,1,0.5,250000,692676,1000000,2770704,exp000_sess000_run000:seg00:slot000083
exp0_000083_rxg20_1_fulltrim:q1,exp000_sess000_run000:seg00:slot000083,exp000_sess000_run000,83,83,ota/exp0_000083_rxg20_1_fulltrim.cfile,reference/signalout_000083_fulltrim.cfile,1,1,3,1.5,250000,692676,1000000,2770704,exp000_sess000_run000:seg00:slot000083
exp0_000083_rxg20_1_fulltrim:q2,exp000_sess000_run000:seg00:slot000083,exp000_sess000_run000,83,83,ota/exp0_000083_rxg20_1_fulltrim.cfile,reference/signalout_000083_fulltrim.cfile,1,2,5,2.5,250000,692676,1000000,2770704,exp000_sess000_run000:seg00:slot000083
exp0_000083_rxg20_1_fulltrim:q3,exp000_sess000_run000:seg00:slot000083,exp000_sess000_run000,83,83,ota/exp0_000083_rxg20_1_fulltrim.cfile,reference/signalout_000083_fulltrim.cfile,1,3,7,3.5,250000,692676,1000000,2770704,exp000_sess000_run000:seg00:slot000083
exp0_000084_rxg20_0_fulltrim:q0,exp000_sess000_run000:seg00:slot000084,exp000_sess000_run000,84,84,ota/exp0_000084_rxg20_0_fulltrim.cfile,reference/signalout_000084_fulltrim.cfile,0,0,0,0.0,250000,692676,1000000,2770704,exp000_sess000_run000:seg00:slot000084
exp0_000084_rxg20_0_fulltrim:q1,exp000_sess000_run000:seg00:slot000084,exp000_sess000_run000,84,84,ota/exp0_000084_rxg20_0_fulltrim.cfile,reference/signalout_000084_fulltrim.cfile,0,1,2,1.0,250000,692676,1000000,2770704,exp000_sess000_run000:seg00:slot000084
exp0_000084_rxg20_0_fulltrim:q2,exp000_sess000_run000:seg00:slot000084,exp000_sess000_run000,84,84,ota/exp0_000084_rxg20_0_fulltrim.cfile,reference/signalout_000084_fulltrim.cfile,0,2,4,2.0,250000,692676,1000000,2770704,exp000_sess000_run000:seg00:slot000084
exp0_000084_rxg20_0_fulltrim:q3,exp000_sess000_run000:seg00:slot000084,exp000_sess000_run000,84,84,ota/exp0_000084_rxg20_0_fulltrim.cfile,reference/signalout_000084_fulltrim.cfile,0,3,6,3.0,250000,692676,1000000,2770704,exp000_sess000_run000:seg00:slot000084
exp0_000084_rxg20_1_fulltrim:q0,exp000_sess000_run000:seg00:slot000084,exp000_sess000_run000,84,84,ota/exp0_000084_rxg20_1_fulltrim.cfile,reference/signalout_000084_fulltrim.cfile,1,0,1,0.5,250000,692676,1000000,2770704,exp000_sess000_run000:seg00:slot000084
exp0_000084_rxg20_1_fulltrim:q1,exp000_sess000_run000:seg00:slot000084,exp000_sess000_run000,84,84,ota/exp0_000084_rxg20_1_fulltrim.cfile,reference/signalout_000084_fulltrim.cfile,1,1,3,1.5,250000,692676,1000000,2770704,exp000_sess000_run000:seg00:slot000084
exp0_000084_rxg20_1_fulltrim:q2,exp000_sess000_run000:seg00:slot000084,exp000_sess000_run000,84,84,ota/exp0_000084_rxg20_1_fulltrim.cfile,reference/signalout_000084_fulltrim.cfile,1,2,5,2.5,250000,692676,1000000,2770704,exp000_sess000_run000:seg00:slot000084
exp0_000084_rxg20_1_fulltrim:q3,exp000_sess000_run000:seg00:slot000084,exp000_sess000_run000,84,84,ota/exp0_000084_rxg20_1_fulltrim.cfile,reference/signalout_000084_fulltrim.cfile,1,3,7,3.5,250000,692676,1000000,2770704,exp000_sess000_run000:seg00:slot000084
exp0_000085_rxg20_0_fulltrim:q0,exp000_sess000_run000:seg00:slot000085,exp000_sess000_run000,85,85,ota/exp0_000085_rxg20_0_fulltrim.cfile,reference/signalout_000085_fulltrim.cfile,0,0,0,0.0,250000,692676,1000000,2770704,exp000_sess000_run000:seg00:slot000085
exp0_000085_rxg20_0_fulltrim:q1,exp000_sess000_run000:seg00:slot000085,exp000_sess000_run000,85,85,ota/exp0_000085_rxg20_0_fulltrim.cfile,reference/signalout_000085_fulltrim.cfile,0,1,2,1.0,250000,692676,1000000,2770704,exp000_sess000_run000:seg00:slot000085
exp0_000085_rxg20_0_fulltrim:q2,exp000_sess000_run000:seg00:slot000085,exp000_sess000_run000,85,85,ota/exp0_000085_rxg20_0_fulltrim.cfile,reference/signalout_000085_fulltrim.cfile,0,2,4,2.0,250000,692676,1000000,2770704,exp000_sess000_run000:seg00:slot000085
exp0_000085_rxg20_0_fulltrim:q3,exp000_sess000_run000:seg00:slot000085,exp000_sess000_run000,85,85,ota/exp0_000085_rxg20_0_fulltrim.cfile,reference/signalout_000085_fulltrim.cfile,0,3,6,3.0,250000,692676,1000000,2770704,exp000_sess000_run000:seg00:slot000085
exp0_000085_rxg20_1_fulltrim:q0,exp000_sess000_run000:seg00:slot000085,exp000_sess000_run000,85,85,ota/exp0_000085_rxg20_1_fulltrim.cfile,reference/signalout_000085_fulltrim.cfile,1,0,1,0.5,250000,692676,1000000,2770704,exp000_sess000_run000:seg00:slot000085
exp0_000085_rxg20_1_fulltrim:q1,exp000_sess000_run000:seg00:slot000085,exp000_sess000_run000,85,85,ota/exp0_000085_rxg20_1_fulltrim.cfile,reference/signalout_000085_fulltrim.cfile,1,1,3,1.5,250000,692676,1000000,2770704,exp000_sess000_run000:seg00:slot000085
exp0_000085_rxg20_1_fulltrim:q2,exp000_sess000_run000:seg00:slot000085,exp000_sess000_run000,85,85,ota/exp0_000085_rxg20_1_fulltrim.cfile,reference/signalout_000085_fulltrim.cfile,1,2,5,2.5,250000,692676,1000000,2770704,exp000_sess000_run000:seg00:slot000085
exp0_000085_rxg20_1_fulltrim:q3,exp000_sess000_run000:seg00:slot000085,exp000_sess000_run000,85,85,ota/exp0_000085_rxg20_1_fulltrim.cfile,reference/signalout_000085_fulltrim.cfile,1,3,7,3.5,250000,692676,1000000,2770704,exp000_sess000_run000:seg00:slot000085
exp0_000086_rxg20_0_fulltrim:q0,exp000_sess000_run000:seg00:slot000086,exp000_sess000_run000,86,86,ota/exp0_000086_rxg20_0_fulltrim.cfile,reference/signalout_000086_fulltrim.cfile,0,0,0,0.0,250000,692676,1000000,2770704,exp000_sess000_run000:seg00:slot000086
exp0_000086_rxg20_0_fulltrim:q1,exp000_sess000_run000:seg00:slot000086,exp000_sess000_run000,86,86,ota/exp0_000086_rxg20_0_fulltrim.cfile,reference/signalout_000086_fulltrim.cfile,0,1,2,1.0,250000,692676,1000000,2770704,exp000_sess000_run000:seg00:slot000086
exp0_000086_rxg20_0_fulltrim:q2,exp000_sess000_run000:seg00:slot000086,exp000_sess000_run000,86,86,ota/exp0_000086_rxg20_0_fulltrim.cfile,reference/signalout_000086_fulltrim.cfile,0,2,4,2.0,250000,692676,1000000,2770704,exp000_sess000_run000:seg00:slot000086
exp0_000086_rxg20_0_fulltrim:q3,exp000_sess000_run000:seg00:slot000086,exp000_sess000_run000,86,86,ota/exp0_000086_rxg20_0_fulltrim.cfile,reference/signalout_000086_fulltrim.cfile,0,3,6,3.0,250000,692676,1000000,2770704,exp000_sess000_run000:seg00:slot000086
exp0_000086_rxg20_1_fulltrim:q0,exp000_sess000_run000:seg00:slot000086,exp000_sess000_run000,86,86,ota/exp0_000086_rxg20_1_fulltrim.cfile,reference/signalout_000086_fulltrim.cfile,1,0,1,0.5,250000,692676,1000000,2770704,exp000_sess000_run000:seg00:slot000086
exp0_000086_rxg20_1_fulltrim:q1,exp000_sess000_run000:seg00:slot000086,exp000_sess000_run000,86,86,ota/exp0_000086_rxg20_1_fulltrim.cfile,reference/signalout_000086_fulltrim.cfile,1,1,3,1.5,250000,692676,1000000,2770704,exp000_sess000_run000:seg00:slot000086
exp0_000086_rxg20_1_fulltrim:q2,exp000_sess000_run000:seg00:slot000086,exp000_sess000_run000,86,86,ota/exp0_000086_rxg20_1_fulltrim.cfile,reference/signalout_000086_fulltrim.cfile,1,2,5,2.5,250000,692676,1000000,2770704,exp000_sess000_run000:seg00:slot000086
exp0_000086_rxg20_1_fulltrim:q3,exp000_sess000_run000:seg00:slot000086,exp000_sess000_run000,86,86,ota/exp0_000086_rxg20_1_fulltrim.cfile,reference/signalout_000086_fulltrim.cfile,1,3,7,3.5,250000,692676,1000000,2770704,exp000_sess000_run000:seg00:slot000086
exp0_000087_rxg20_0_fulltrim:q0,exp000_sess000_run000:seg00:slot000087,exp000_sess000_run000,87,87,ota/exp0_000087_rxg20_0_fulltrim.cfile,reference/signalout_000087_fulltrim.cfile,0,0,0,0.0,250000,692676,1000000,2770704,exp000_sess000_run000:seg00:slot000087
exp0_000087_rxg20_0_fulltrim:q1,exp000_sess000_run000:seg00:slot000087,exp000_sess000_run000,87,87,ota/exp0_000087_rxg20_0_fulltrim.cfile,reference/signalout_000087_fulltrim.cfile,0,1,2,1.0,250000,692676,1000000,2770704,exp000_sess000_run000:seg00:slot000087
exp0_000087_rxg20_0_fulltrim:q2,exp000_sess000_run000:seg00:slot000087,exp000_sess000_run000,87,87,ota/exp0_000087_rxg20_0_fulltrim.cfile,reference/signalout_000087_fulltrim.cfile,0,2,4,2.0,250000,692676,1000000,2770704,exp000_sess000_run000:seg00:slot000087
exp0_000087_rxg20_0_fulltrim:q3,exp000_sess000_run000:seg00:slot000087,exp000_sess000_run000,87,87,ota/exp0_000087_rxg20_0_fulltrim.cfile,reference/signalout_000087_fulltrim.cfile,0,3,6,3.0,250000,692676,1000000,2770704,exp000_sess000_run000:seg00:slot000087
exp0_000087_rxg20_1_fulltrim:q0,exp000_sess000_run000:seg00:slot000087,exp000_sess000_run000,87,87,ota/exp0_000087_rxg20_1_fulltrim.cfile,reference/signalout_000087_fulltrim.cfile,1,0,1,0.5,250000,692676,1000000,2770704,exp000_sess000_run000:seg00:slot000087
exp0_000087_rxg20_1_fulltrim:q1,exp000_sess000_run000:seg00:slot000087,exp000_sess000_run000,87,87,ota/exp0_000087_rxg20_1_fulltrim.cfile,reference/signalout_000087_fulltrim.cfile,1,1,3,1.5,250000,692676,1000000,2770704,exp000_sess000_run000:seg00:slot000087
exp0_000087_rxg20_1_fulltrim:q2,exp000_sess000_run000:seg00:slot000087,exp000_sess000_run000,87,87,ota/exp0_000087_rxg20_1_fulltrim.cfile,reference/signalout_000087_fulltrim.cfile,1,2,5,2.5,250000,692676,1000000,2770704,exp000_sess000_run000:seg00:slot000087
exp0_000087_rxg20_1_fulltrim:q3,exp000_sess000_run000:seg00:slot000087,exp000_sess000_run000,87,87,ota/exp0_000087_rxg20_1_fulltrim.cfile,reference/signalout_000087_fulltrim.cfile,1,3,7,3.5,250000,692676,1000000,2770704,exp000_sess000_run000:seg00:slot000087
exp0_000088_rxg20_0_fulltrim:q0,exp000_sess000_run000:seg00:slot000088,exp000_sess000_run000,88,88,ota/exp0_000088_rxg20_0_fulltrim.cfile,reference/signalout_000088_fulltrim.cfile,0,0,0,0.0,250000,692676,1000000,2770704,exp000_sess000_run000:seg00:slot000088
exp0_000088_rxg20_0_fulltrim:q1,exp000_sess000_run000:seg00:slot000088,exp000_sess000_run000,88,88,ota/exp0_000088_rxg20_0_fulltrim.cfile,reference/signalout_000088_fulltrim.cfile,0,1,2,1.0,250000,692676,1000000,2770704,exp000_sess000_run000:seg00:slot000088
exp0_000088_rxg20_0_fulltrim:q2,exp000_sess000_run000:seg00:slot000088,exp000_sess000_run000,88,88,ota/exp0_000088_rxg20_0_fulltrim.cfile,reference/signalout_000088_fulltrim.cfile,0,2,4,2.0,250000,692676,1000000,2770704,exp000_sess000_run000:seg00:slot000088
exp0_000088_rxg20_0_fulltrim:q3,exp000_sess000_run000:seg00:slot000088,exp000_sess000_run000,88,88,ota/exp0_000088_rxg20_0_fulltrim.cfile,reference/signalout_000088_fulltrim.cfile,0,3,6,3.0,250000,692676,1000000,2770704,exp000_sess000_run000:seg00:slot000088
exp0_000088_rxg20_1_fulltrim:q0,exp000_sess000_run000:seg00:slot000088,exp000_sess000_run000,88,88,ota/exp0_000088_rxg20_1_fulltrim.cfile,reference/signalout_000088_fulltrim.cfile,1,0,1,0.5,250000,692676,1000000,2770704,exp000_sess000_run000:seg00:slot000088
exp0_000088_rxg20_1_fulltrim:q1,exp000_sess000_run000:seg00:slot000088,exp000_sess000_run000,88,88,ota/exp0_000088_rxg20_1_fulltrim.cfile,reference/signalout_000088_fulltrim.cfile,1,1,3,1.5,250000,692676,1000000,2770704,exp000_sess000_run000:seg00:slot000088
exp0_000088_rxg20_1_fulltrim:q2,exp000_sess000_run000:seg00:slot000088,exp000_sess000_run000,88,88,ota/exp0_000088_rxg20_1_fulltrim.cfile,reference/signalout_000088_fulltrim.cfile,1,2,5,2.5,250000,692676,1000000,2770704,exp000_sess000_run000:seg00:slot000088
exp0_000088_rxg20_1_fulltrim:q3,exp000_sess000_run000:seg00:slot000088,exp000_sess000_run000,88,88,ota/exp0_000088_rxg20_1_fulltrim.cfile,reference/signalout_000088_fulltrim.cfile,1,3,7,3.5,250000,692676,1000000,2770704,exp000_sess000_run000:seg00:slot000088
exp0_000089_rxg20_0_fulltrim:q0,exp000_sess000_run000:seg00:slot000089,exp000_sess000_run000,89,89,ota/exp0_000089_rxg20_0_fulltrim.cfile,reference/signalout_000089_fulltrim.cfile,0,0,0,0.0,250000,692676,1000000,2770704,exp000_sess000_run000:seg00:slot000089
exp0_000089_rxg20_0_fulltrim:q1,exp000_sess000_run000:seg00:slot000089,exp000_sess000_run000,89,89,ota/exp0_000089_rxg20_0_fulltrim.cfile,reference/signalout_000089_fulltrim.cfile,0,1,2,1.0,250000,692676,1000000,2770704,exp000_sess000_run000:seg00:slot000089
exp0_000089_rxg20_0_fulltrim:q2,exp000_sess000_run000:seg00:slot000089,exp000_sess000_run000,89,89,ota/exp0_000089_rxg20_0_fulltrim.cfile,reference/signalout_000089_fulltrim.cfile,0,2,4,2.0,250000,692676,1000000,2770704,exp000_sess000_run000:seg00:slot000089
exp0_000089_rxg20_0_fulltrim:q3,exp000_sess000_run000:seg00:slot000089,exp000_sess000_run000,89,89,ota/exp0_000089_rxg20_0_fulltrim.cfile,reference/signalout_000089_fulltrim.cfile,0,3,6,3.0,250000,692676,1000000,2770704,exp000_sess000_run000:seg00:slot000089
exp0_000089_rxg20_1_fulltrim:q0,exp000_sess000_run000:seg00:slot000089,exp000_sess000_run000,89,89,ota/exp0_000089_rxg20_1_fulltrim.cfile,reference/signalout_000089_fulltrim.cfile,1,0,1,0.5,250000,692676,1000000,2770704,exp000_sess000_run000:seg00:slot000089
exp0_000089_rxg20_1_fulltrim:q1,exp000_sess000_run000:seg00:slot000089,exp000_sess000_run000,89,89,ota/exp0_000089_rxg20_1_fulltrim.cfile,reference/signalout_000089_fulltrim.cfile,1,1,3,1.5,250000,692676,1000000,2770704,exp000_sess000_run000:seg00:slot000089
exp0_000089_rxg20_1_fulltrim:q2,exp000_sess000_run000:seg00:slot000089,exp000_sess000_run000,89,89,ota/exp0_000089_rxg20_1_fulltrim.cfile,reference/signalout_000089_fulltrim.cfile,1,2,5,2.5,250000,692676,1000000,2770704,exp000_sess000_run000:seg00:slot000089
exp0_000089_rxg20_1_fulltrim:q3,exp000_sess000_run000:seg00:slot000089,exp000_sess000_run000,89,89,ota/exp0_000089_rxg20_1_fulltrim.cfile,reference/signalout_000089_fulltrim.cfile,1,3,7,3.5,250000,692676,1000000,2770704,exp000_sess000_run000:seg00:slot000089
exp0_000090_rxg20_0_fulltrim:q0,exp000_sess000_run000:seg00:slot000090,exp000_sess000_run000,90,90,ota/exp0_000090_rxg20_0_fulltrim.cfile,reference/signalout_000090_fulltrim.cfile,0,0,0,0.0,250000,692676,1000000,2770704,exp000_sess000_run000:seg00:slot000090
exp0_000090_rxg20_0_fulltrim:q1,exp000_sess000_run000:seg00:slot000090,exp000_sess000_run000,90,90,ota/exp0_000090_rxg20_0_fulltrim.cfile,reference/signalout_000090_fulltrim.cfile,0,1,2,1.0,250000,692676,1000000,2770704,exp000_sess000_run000:seg00:slot000090
exp0_000090_rxg20_0_fulltrim:q2,exp000_sess000_run000:seg00:slot000090,exp000_sess000_run000,90,90,ota/exp0_000090_rxg20_0_fulltrim.cfile,reference/signalout_000090_fulltrim.cfile,0,2,4,2.0,250000,692676,1000000,2770704,exp000_sess000_run000:seg00:slot000090
exp0_000090_rxg20_0_fulltrim:q3,exp000_sess000_run000:seg00:slot000090,exp000_sess000_run000,90,90,ota/exp0_000090_rxg20_0_fulltrim.cfile,reference/signalout_000090_fulltrim.cfile,0,3,6,3.0,250000,692676,1000000,2770704,exp000_sess000_run000:seg00:slot000090
exp0_000090_rxg20_1_fulltrim:q0,exp000_sess000_run000:seg00:slot000090,exp000_sess000_run000,90,90,ota/exp0_000090_rxg20_1_fulltrim.cfile,reference/signalout_000090_fulltrim.cfile,1,0,1,0.5,250000,692676,1000000,2770704,exp000_sess000_run000:seg00:slot000090
exp0_000090_rxg20_1_fulltrim:q1,exp000_sess000_run000:seg00:slot000090,exp000_sess000_run000,90,90,ota/exp0_000090_rxg20_1_fulltrim.cfile,reference/signalout_000090_fulltrim.cfile,1,1,3,1.5,250000,692676,1000000,2770704,exp000_sess000_run000:seg00:slot000090
exp0_000090_rxg20_1_fulltrim:q2,exp000_sess000_run000:seg00:slot000090,exp000_sess000_run000,90,90,ota/exp0_000090_rxg20_1_fulltrim.cfile,reference/signalout_000090_fulltrim.cfile,1,2,5,2.5,250000,692676,1000000,2770704,exp000_sess000_run000:seg00:slot000090
exp0_000090_rxg20_1_fulltrim:q3,exp000_sess000_run000:seg00:slot000090,exp000_sess000_run000,90,90,ota/exp0_000090_rxg20_1_fulltrim.cfile,reference/signalout_000090_fulltrim.cfile,1,3,7,3.5,250000,692676,1000000,2770704,exp000_sess000_run000:seg00:slot000090
exp0_000091_rxg20_0_fulltrim:q0,exp000_sess000_run000:seg00:slot000091,exp000_sess000_run000,91,91,ota/exp0_000091_rxg20_0_fulltrim.cfile,reference/signalout_000091_fulltrim.cfile,0,0,0,0.0,250000,692676,1000000,2770704,exp000_sess000_run000:seg00:slot000091
exp0_000091_rxg20_0_fulltrim:q1,exp000_sess000_run000:seg00:slot000091,exp000_sess000_run000,91,91,ota/exp0_000091_rxg20_0_fulltrim.cfile,reference/signalout_000091_fulltrim.cfile,0,1,2,1.0,250000,692676,1000000,2770704,exp000_sess000_run000:seg00:slot000091
exp0_000091_rxg20_0_fulltrim:q2,exp000_sess000_run000:seg00:slot000091,exp000_sess000_run000,91,91,ota/exp0_000091_rxg20_0_fulltrim.cfile,reference/signalout_000091_fulltrim.cfile,0,2,4,2.0,250000,692676,1000000,2770704,exp000_sess000_run000:seg00:slot000091
exp0_000091_rxg20_0_fulltrim:q3,exp000_sess000_run000:seg00:slot000091,exp000_sess000_run000,91,91,ota/exp0_000091_rxg20_0_fulltrim.cfile,reference/signalout_000091_fulltrim.cfile,0,3,6,3.0,250000,692676,1000000,2770704,exp000_sess000_run000:seg00:slot000091
exp0_000091_rxg20_1_fulltrim:q0,exp000_sess000_run000:seg00:slot000091,exp000_sess000_run000,91,91,ota/exp0_000091_rxg20_1_fulltrim.cfile,reference/signalout_000091_fulltrim.cfile,1,0,1,0.5,250000,692676,1000000,2770704,exp000_sess000_run000:seg00:slot000091
exp0_000091_rxg20_1_fulltrim:q1,exp000_sess000_run000:seg00:slot000091,exp000_sess000_run000,91,91,ota/exp0_000091_rxg20_1_fulltrim.cfile,reference/signalout_000091_fulltrim.cfile,1,1,3,1.5,250000,692676,1000000,2770704,exp000_sess000_run000:seg00:slot000091
exp0_000091_rxg20_1_fulltrim:q2,exp000_sess000_run000:seg00:slot000091,exp000_sess000_run000,91,91,ota/exp0_000091_rxg20_1_fulltrim.cfile,reference/signalout_000091_fulltrim.cfile,1,2,5,2.5,250000,692676,1000000,2770704,exp000_sess000_run000:seg00:slot000091
exp0_000091_rxg20_1_fulltrim:q3,exp000_sess000_run000:seg00:slot000091,exp000_sess000_run000,91,91,ota/exp0_000091_rxg20_1_fulltrim.cfile,reference/signalout_000091_fulltrim.cfile,1,3,7,3.5,250000,692676,1000000,2770704,exp000_sess000_run000:seg00:slot000091
exp0_000092_rxg20_0_fulltrim:q0,exp000_sess000_run000:seg00:slot000092,exp000_sess000_run000,92,92,ota/exp0_000092_rxg20_0_fulltrim.cfile,reference/signalout_000092_fulltrim.cfile,0,0,0,0.0,250000,692676,1000000,2770704,exp000_sess000_run000:seg00:slot000092
exp0_000092_rxg20_0_fulltrim:q1,exp000_sess000_run000:seg00:slot000092,exp000_sess000_run000,92,92,ota/exp0_000092_rxg20_0_fulltrim.cfile,reference/signalout_000092_fulltrim.cfile,0,1,2,1.0,250000,692676,1000000,2770704,exp000_sess000_run000:seg00:slot000092
exp0_000092_rxg20_0_fulltrim:q2,exp000_sess000_run000:seg00:slot000092,exp000_sess000_run000,92,92,ota/exp0_000092_rxg20_0_fulltrim.cfile,reference/signalout_000092_fulltrim.cfile,0,2,4,2.0,250000,692676,1000000,2770704,exp000_sess000_run000:seg00:slot000092
exp0_000092_rxg20_0_fulltrim:q3,exp000_sess000_run000:seg00:slot000092,exp000_sess000_run000,92,92,ota/exp0_000092_rxg20_0_fulltrim.cfile,reference/signalout_000092_fulltrim.cfile,0,3,6,3.0,250000,692676,1000000,2770704,exp000_sess000_run000:seg00:slot000092
exp0_000092_rxg20_1_fulltrim:q0,exp000_sess000_run000:seg00:slot000092,exp000_sess000_run000,92,92,ota/exp0_000092_rxg20_1_fulltrim.cfile,reference/signalout_000092_fulltrim.cfile,1,0,1,0.5,250000,692676,1000000,2770704,exp000_sess000_run000:seg00:slot000092
exp0_000092_rxg20_1_fulltrim:q1,exp000_sess000_run000:seg00:slot000092,exp000_sess000_run000,92,92,ota/exp0_000092_rxg20_1_fulltrim.cfile,reference/signalout_000092_fulltrim.cfile,1,1,3,1.5,250000,692676,1000000,2770704,exp000_sess000_run000:seg00:slot000092
exp0_000092_rxg20_1_fulltrim:q2,exp000_sess000_run000:seg00:slot000092,exp000_sess000_run000,92,92,ota/exp0_000092_rxg20_1_fulltrim.cfile,reference/signalout_000092_fulltrim.cfile,1,2,5,2.5,250000,692676,1000000,2770704,exp000_sess000_run000:seg00:slot000092
exp0_000092_rxg20_1_fulltrim:q3,exp000_sess000_run000:seg00:slot000092,exp000_sess000_run000,92,92,ota/exp0_000092_rxg20_1_fulltrim.cfile,reference/signalout_000092_fulltrim.cfile,1,3,7,3.5,250000,692676,1000000,2770704,exp000_sess000_run000:seg00:slot000092
exp0_000093_rxg20_0_fulltrim:q0,exp000_sess000_run000:seg00:slot000093,exp000_sess000_run000,93,93,ota/exp0_000093_rxg20_0_fulltrim.cfile,reference/signalout_000093_fulltrim.cfile,0,0,0,0.0,250000,692676,1000000,2770704,exp000_sess000_run000:seg00:slot000093
exp0_000093_rxg20_0_fulltrim:q1,exp000_sess000_run000:seg00:slot000093,exp000_sess000_run000,93,93,ota/exp0_000093_rxg20_0_fulltrim.cfile,reference/signalout_000093_fulltrim.cfile,0,1,2,1.0,250000,692676,1000000,2770704,exp000_sess000_run000:seg00:slot000093
exp0_000093_rxg20_0_fulltrim:q2,exp000_sess000_run000:seg00:slot000093,exp000_sess000_run000,93,93,ota/exp0_000093_rxg20_0_fulltrim.cfile,reference/signalout_000093_fulltrim.cfile,0,2,4,2.0,250000,692676,1000000,2770704,exp000_sess000_run000:seg00:slot000093
exp0_000093_rxg20_0_fulltrim:q3,exp000_sess000_run000:seg00:slot000093,exp000_sess000_run000,93,93,ota/exp0_000093_rxg20_0_fulltrim.cfile,reference/signalout_000093_fulltrim.cfile,0,3,6,3.0,250000,692676,1000000,2770704,exp000_sess000_run000:seg00:slot000093
exp0_000093_rxg20_1_fulltrim:q0,exp000_sess000_run000:seg00:slot000093,exp000_sess000_run000,93,93,ota/exp0_000093_rxg20_1_fulltrim.cfile,reference/signalout_000093_fulltrim.cfile,1,0,1,0.5,250000,692676,1000000,2770704,exp000_sess000_run000:seg00:slot000093
exp0_000093_rxg20_1_fulltrim:q1,exp000_sess000_run000:seg00:slot000093,exp000_sess000_run000,93,93,ota/exp0_000093_rxg20_1_fulltrim.cfile,reference/signalout_000093_fulltrim.cfile,1,1,3,1.5,250000,692676,1000000,2770704,exp000_sess000_run000:seg00:slot000093
exp0_000093_rxg20_1_fulltrim:q2,exp000_sess000_run000:seg00:slot000093,exp000_sess000_run000,93,93,ota/exp0_000093_rxg20_1_fulltrim.cfile,reference/signalout_000093_fulltrim.cfile,1,2,5,2.5,250000,692676,1000000,2770704,exp000_sess000_run000:seg00:slot000093
exp0_000093_rxg20_1_fulltrim:q3,exp000_sess000_run000:seg00:slot000093,exp000_sess000_run000,93,93,ota/exp0_000093_rxg20_1_fulltrim.cfile,reference/signalout_000093_fulltrim.cfile,1,3,7,3.5,250000,692676,1000000,2770704,exp000_sess000_run000:seg00:slot000093
exp0_000094_rxg20_0_fulltrim:q0,exp000_sess000_run000:seg00:slot000094,exp000_sess000_run000,94,94,ota/exp0_000094_rxg20_0_fulltrim.cfile,reference/signalout_000094_fulltrim.cfile,0,0,0,0.0,250000,692676,1000000,2770704,exp000_sess000_run000:seg00:slot000094
exp0_000094_rxg20_0_fulltrim:q1,exp000_sess000_run000:seg00:slot000094,exp000_sess000_run000,94,94,ota/exp0_000094_rxg20_0_fulltrim.cfile,reference/signalout_000094_fulltrim.cfile,0,1,2,1.0,250000,692676,1000000,2770704,exp000_sess000_run000:seg00:slot000094
exp0_000094_rxg20_0_fulltrim:q2,exp000_sess000_run000:seg00:slot000094,exp000_sess000_run000,94,94,ota/exp0_000094_rxg20_0_fulltrim.cfile,reference/signalout_000094_fulltrim.cfile,0,2,4,2.0,250000,692676,1000000,2770704,exp000_sess000_run000:seg00:slot000094
exp0_000094_rxg20_0_fulltrim:q3,exp000_sess000_run000:seg00:slot000094,exp000_sess000_run000,94,94,ota/exp0_000094_rxg20_0_fulltrim.cfile,reference/signalout_000094_fulltrim.cfile,0,3,6,3.0,250000,692676,1000000,2770704,exp000_sess000_run000:seg00:slot000094
exp0_000094_rxg20_1_fulltrim:q0,exp000_sess000_run000:seg00:slot000094,exp000_sess000_run000,94,94,ota/exp0_000094_rxg20_1_fulltrim.cfile,reference/signalout_000094_fulltrim.cfile,1,0,1,0.5,250000,692676,1000000,2770704,exp000_sess000_run000:seg00:slot000094
exp0_000094_rxg20_1_fulltrim:q1,exp000_sess000_run000:seg00:slot000094,exp000_sess000_run000,94,94,ota/exp0_000094_rxg20_1_fulltrim.cfile,reference/signalout_000094_fulltrim.cfile,1,1,3,1.5,250000,692676,1000000,2770704,exp000_sess000_run000:seg00:slot000094
exp0_000094_rxg20_1_fulltrim:q2,exp000_sess000_run000:seg00:slot000094,exp000_sess000_run000,94,94,ota/exp0_000094_rxg20_1_fulltrim.cfile,reference/signalout_000094_fulltrim.cfile,1,2,5,2.5,250000,692676,1000000,2770704,exp000_sess000_run000:seg00:slot000094
exp0_000094_rxg20_1_fulltrim:q3,exp000_sess000_run000:seg00:slot000094,exp000_sess000_run000,94,94,ota/exp0_000094_rxg20_1_fulltrim.cfile,reference/signalout_000094_fulltrim.cfile,1,3,7,3.5,250000,692676,1000000,2770704,exp000_sess000_run000:seg00:slot000094
exp0_000095_rxg20_0_fulltrim:q0,exp000_sess000_run000:seg00:slot000095,exp000_sess000_run000,95,95,ota/exp0_000095_rxg20_0_fulltrim.cfile,reference/signalout_000095_fulltrim.cfile,0,0,0,0.0,250000,692676,1000000,2770704,exp000_sess000_run000:seg00:slot000095
exp0_000095_rxg20_0_fulltrim:q1,exp000_sess000_run000:seg00:slot000095,exp000_sess000_run000,95,95,ota/exp0_000095_rxg20_0_fulltrim.cfile,reference/signalout_000095_fulltrim.cfile,0,1,2,1.0,250000,692676,1000000,2770704,exp000_sess000_run000:seg00:slot000095
exp0_000095_rxg20_0_fulltrim:q2,exp000_sess000_run000:seg00:slot000095,exp000_sess000_run000,95,95,ota/exp0_000095_rxg20_0_fulltrim.cfile,reference/signalout_000095_fulltrim.cfile,0,2,4,2.0,250000,692676,1000000,2770704,exp000_sess000_run000:seg00:slot000095
exp0_000095_rxg20_0_fulltrim:q3,exp000_sess000_run000:seg00:slot000095,exp000_sess000_run000,95,95,ota/exp0_000095_rxg20_0_fulltrim.cfile,reference/signalout_000095_fulltrim.cfile,0,3,6,3.0,250000,692676,1000000,2770704,exp000_sess000_run000:seg00:slot000095
exp0_000095_rxg20_1_fulltrim:q0,exp000_sess000_run000:seg00:slot000095,exp000_sess000_run000,95,95,ota/exp0_000095_rxg20_1_fulltrim.cfile,reference/signalout_000095_fulltrim.cfile,1,0,1,0.5,250000,692676,1000000,2770704,exp000_sess000_run000:seg00:slot000095
exp0_000095_rxg20_1_fulltrim:q1,exp000_sess000_run000:seg00:slot000095,exp000_sess000_run000,95,95,ota/exp0_000095_rxg20_1_fulltrim.cfile,reference/signalout_000095_fulltrim.cfile,1,1,3,1.5,250000,692676,1000000,2770704,exp000_sess000_run000:seg00:slot000095
exp0_000095_rxg20_1_fulltrim:q2,exp000_sess000_run000:seg00:slot000095,exp000_sess000_run000,95,95,ota/exp0_000095_rxg20_1_fulltrim.cfile,reference/signalout_000095_fulltrim.cfile,1,2,5,2.5,250000,692676,1000000,2770704,exp000_sess000_run000:seg00:slot000095
exp0_000095_rxg20_1_fulltrim:q3,exp000_sess000_run000:seg00:slot000095,exp000_sess000_run000,95,95,ota/exp0_000095_rxg20_1_fulltrim.cfile,reference/signalout_000095_fulltrim.cfile,1,3,7,3.5,250000,692676,1000000,2770704,exp000_sess000_run000:seg00:slot000095
exp0_000096_rxg20_0_fulltrim:q0,exp000_sess000_run000:seg00:slot000096,exp000_sess000_run000,96,96,ota/exp0_000096_rxg20_0_fulltrim.cfile,reference/signalout_000096_fulltrim.cfile,0,0,0,0.0,250000,692676,1000000,2770704,exp000_sess000_run000:seg00:slot000096
exp0_000096_rxg20_0_fulltrim:q1,exp000_sess000_run000:seg00:slot000096,exp000_sess000_run000,96,96,ota/exp0_000096_rxg20_0_fulltrim.cfile,reference/signalout_000096_fulltrim.cfile,0,1,2,1.0,250000,692676,1000000,2770704,exp000_sess000_run000:seg00:slot000096
exp0_000096_rxg20_0_fulltrim:q2,exp000_sess000_run000:seg00:slot000096,exp000_sess000_run000,96,96,ota/exp0_000096_rxg20_0_fulltrim.cfile,reference/signalout_000096_fulltrim.cfile,0,2,4,2.0,250000,692676,1000000,2770704,exp000_sess000_run000:seg00:slot000096
exp0_000096_rxg20_0_fulltrim:q3,exp000_sess000_run000:seg00:slot000096,exp000_sess000_run000,96,96,ota/exp0_000096_rxg20_0_fulltrim.cfile,reference/signalout_000096_fulltrim.cfile,0,3,6,3.0,250000,692676,1000000,2770704,exp000_sess000_run000:seg00:slot000096
exp0_000096_rxg20_1_fulltrim:q0,exp000_sess000_run000:seg00:slot000096,exp000_sess000_run000,96,96,ota/exp0_000096_rxg20_1_fulltrim.cfile,reference/signalout_000096_fulltrim.cfile,1,0,1,0.5,250000,692676,1000000,2770704,exp000_sess000_run000:seg00:slot000096
exp0_000096_rxg20_1_fulltrim:q1,exp000_sess000_run000:seg00:slot000096,exp000_sess000_run000,96,96,ota/exp0_000096_rxg20_1_fulltrim.cfile,reference/signalout_000096_fulltrim.cfile,1,1,3,1.5,250000,692676,1000000,2770704,exp000_sess000_run000:seg00:slot000096
exp0_000096_rxg20_1_fulltrim:q2,exp000_sess000_run000:seg00:slot000096,exp000_sess000_run000,96,96,ota/exp0_000096_rxg20_1_fulltrim.cfile,reference/signalout_000096_fulltrim.cfile,1,2,5,2.5,250000,692676,1000000,2770704,exp000_sess000_run000:seg00:slot000096
exp0_000096_rxg20_1_fulltrim:q3,exp000_sess000_run000:seg00:slot000096,exp000_sess000_run000,96,96,ota/exp0_000096_rxg20_1_fulltrim.cfile,reference/signalout_000096_fulltrim.cfile,1,3,7,3.5,250000,692676,1000000,2770704,exp000_sess000_run000:seg00:slot000096
exp0_000097_rxg20_0_fulltrim:q0,exp000_sess000_run000:seg00:slot000097,exp000_sess000_run000,97,97,ota/exp0_000097_rxg20_0_fulltrim.cfile,reference/signalout_000097_fulltrim.cfile,0,0,0,0.0,250000,692676,1000000,2770704,exp000_sess000_run000:seg00:slot000097
exp0_000097_rxg20_0_fulltrim:q1,exp000_sess000_run000:seg00:slot000097,exp000_sess000_run000,97,97,ota/exp0_000097_rxg20_0_fulltrim.cfile,reference/signalout_000097_fulltrim.cfile,0,1,2,1.0,250000,692676,1000000,2770704,exp000_sess000_run000:seg00:slot000097
exp0_000097_rxg20_0_fulltrim:q2,exp000_sess000_run000:seg00:slot000097,exp000_sess000_run000,97,97,ota/exp0_000097_rxg20_0_fulltrim.cfile,reference/signalout_000097_fulltrim.cfile,0,2,4,2.0,250000,692676,1000000,2770704,exp000_sess000_run000:seg00:slot000097
exp0_000097_rxg20_0_fulltrim:q3,exp000_sess000_run000:seg00:slot000097,exp000_sess000_run000,97,97,ota/exp0_000097_rxg20_0_fulltrim.cfile,reference/signalout_000097_fulltrim.cfile,0,3,6,3.0,250000,692676,1000000,2770704,exp000_sess000_run000:seg00:slot000097
exp0_000097_rxg20_1_fulltrim:q0,exp000_sess000_run000:seg00:slot000097,exp000_sess000_run000,97,97,ota/exp0_000097_rxg20_1_fulltrim.cfile,reference/signalout_000097_fulltrim.cfile,1,0,1,0.5,250000,692676,1000000,2770704,exp000_sess000_run000:seg00:slot000097
exp0_000097_rxg20_1_fulltrim:q1,exp000_sess000_run000:seg00:slot000097,exp000_sess000_run000,97,97,ota/exp0_000097_rxg20_1_fulltrim.cfile,reference/signalout_000097_fulltrim.cfile,1,1,3,1.5,250000,692676,1000000,2770704,exp000_sess000_run000:seg00:slot000097
exp0_000097_rxg20_1_fulltrim:q2,exp000_sess000_run000:seg00:slot000097,exp000_sess000_run000,97,97,ota/exp0_000097_rxg20_1_fulltrim.cfile,reference/signalout_000097_fulltrim.cfile,1,2,5,2.5,250000,692676,1000000,2770704,exp000_sess000_run000:seg00:slot000097
exp0_000097_rxg20_1_fulltrim:q3,exp000_sess000_run000:seg00:slot000097,exp000_sess000_run000,97,97,ota/exp0_000097_rxg20_1_fulltrim.cfile,reference/signalout_000097_fulltrim.cfile,1,3,7,3.5,250000,692676,1000000,2770704,exp000_sess000_run000:seg00:slot000097
exp0_000098_rxg20_0_fulltrim:q0,exp000_sess000_run000:seg00:slot000098,exp000_sess000_run000,98,98,ota/exp0_000098_rxg20_0_fulltrim.cfile,reference/signalout_000098_fulltrim.cfile,0,0,0,0.0,250000,692676,1000000,2770704,exp000_sess000_run000:seg00:slot000098
exp0_000098_rxg20_0_fulltrim:q1,exp000_sess000_run000:seg00:slot000098,exp000_sess000_run000,98,98,ota/exp0_000098_rxg20_0_fulltrim.cfile,reference/signalout_000098_fulltrim.cfile,0,1,2,1.0,250000,692676,1000000,2770704,exp000_sess000_run000:seg00:slot000098
exp0_000098_rxg20_0_fulltrim:q2,exp000_sess000_run000:seg00:slot000098,exp000_sess000_run000,98,98,ota/exp0_000098_rxg20_0_fulltrim.cfile,reference/signalout_000098_fulltrim.cfile,0,2,4,2.0,250000,692676,1000000,2770704,exp000_sess000_run000:seg00:slot000098
exp0_000098_rxg20_0_fulltrim:q3,exp000_sess000_run000:seg00:slot000098,exp000_sess000_run000,98,98,ota/exp0_000098_rxg20_0_fulltrim.cfile,reference/signalout_000098_fulltrim.cfile,0,3,6,3.0,250000,692676,1000000,2770704,exp000_sess000_run000:seg00:slot000098
exp0_000098_rxg20_1_fulltrim:q0,exp000_sess000_run000:seg00:slot000098,exp000_sess000_run000,98,98,ota/exp0_000098_rxg20_1_fulltrim.cfile,reference/signalout_000098_fulltrim.cfile,1,0,1,0.5,250000,692676,1000000,2770704,exp000_sess000_run000:seg00:slot000098
exp0_000098_rxg20_1_fulltrim:q1,exp000_sess000_run000:seg00:slot000098,exp000_sess000_run000,98,98,ota/exp0_000098_rxg20_1_fulltrim.cfile,reference/signalout_000098_fulltrim.cfile,1,1,3,1.5,250000,692676,1000000,2770704,exp000_sess000_run000:seg00:slot000098
exp0_000098_rxg20_1_fulltrim:q2,exp000_sess000_run000:seg00:slot000098,exp000_sess000_run000,98,98,ota/exp0_000098_rxg20_1_fulltrim.cfile,reference/signalout_000098_fulltrim.cfile,1,2,5,2.5,250000,692676,1000000,2770704,exp000_sess000_run000:seg00:slot000098
exp0_000098_rxg20_1_fulltrim:q3,exp000_sess000_run000:seg00:slot000098,exp000_sess000_run000,98,98,ota/exp0_000098_rxg20_1_fulltrim.cfile,reference/signalout_000098_fulltrim.cfile,1,3,7,3.5,250000,692676,1000000,2770704,exp000_sess000_run000:seg00:slot000098
exp0_000099_rxg20_0_fulltrim:q0,exp000_sess000_run000:seg00:slot000099,exp000_sess000_run000,99,99,ota/exp0_000099_rxg20_0_fulltrim.cfile,reference/signalout_000099_fulltrim.cfile,0,0,0,0.0,250000,692676,1000000,2770704,exp000_sess000_run000:seg00:slot000099
exp0_000099_rxg20_0_fulltrim:q1,exp000_sess000_run000:seg00:slot000099,exp000_sess000_run000,99,99,ota/exp0_000099_rxg20_0_fulltrim.cfile,reference/signalout_000099_fulltrim.cfile,0,1,2,1.0,250000,692676,1000000,2770704,exp000_sess000_run000:seg00:slot000099
exp0_000099_rxg20_0_fulltrim:q2,exp000_sess000_run000:seg00:slot000099,exp000_sess000_run000,99,99,ota/exp0_000099_rxg20_0_fulltrim.cfile,reference/signalout_000099_fulltrim.cfile,0,2,4,2.0,250000,692676,1000000,2770704,exp000_sess000_run000:seg00:slot000099
exp0_000099_rxg20_0_fulltrim:q3,exp000_sess000_run000:seg00:slot000099,exp000_sess000_run000,99,99,ota/exp0_000099_rxg20_0_fulltrim.cfile,reference/signalout_000099_fulltrim.cfile,0,3,6,3.0,250000,692676,1000000,2770704,exp000_sess000_run000:seg00:slot000099
exp0_000099_rxg20_1_fulltrim:q0,exp000_sess000_run000:seg00:slot000099,exp000_sess000_run000,99,99,ota/exp0_000099_rxg20_1_fulltrim.cfile,reference/signalout_000099_fulltrim.cfile,1,0,1,0.5,250000,692676,1000000,2770704,exp000_sess000_run000:seg00:slot000099
exp0_000099_rxg20_1_fulltrim:q1,exp000_sess000_run000:seg00:slot000099,exp000_sess000_run000,99,99,ota/exp0_000099_rxg20_1_fulltrim.cfile,reference/signalout_000099_fulltrim.cfile,1,1,3,1.5,250000,692676,1000000,2770704,exp000_sess000_run000:seg00:slot000099
exp0_000099_rxg20_1_fulltrim:q2,exp000_sess000_run000:seg00:slot000099,exp000_sess000_run000,99,99,ota/exp0_000099_rxg20_1_fulltrim.cfile,reference/signalout_000099_fulltrim.cfile,1,2,5,2.5,250000,692676,1000000,2770704,exp000_sess000_run000:seg00:slot000099
exp0_000099_rxg20_1_fulltrim:q3,exp000_sess000_run000:seg00:slot000099,exp000_sess000_run000,99,99,ota/exp0_000099_rxg20_1_fulltrim.cfile,reference/signalout_000099_fulltrim.cfile,1,3,7,3.5,250000,692676,1000000,2770704,exp000_sess000_run000:seg00:slot000099
exp0_000100_rxg20_0_fulltrim:q0,exp000_sess000_run000:seg00:slot000100,exp000_sess000_run000,100,100,ota/exp0_000100_rxg20_0_fulltrim.cfile,reference/signalout_000100_fulltrim.cfile,0,0,0,0.0,250000,692676,1000000,2770704,exp000_sess000_run000:seg00:slot000100
exp0_000100_rxg20_0_fulltrim:q1,exp000_sess000_run000:seg00:slot000100,exp000_sess000_run000,100,100,ota/exp0_000100_rxg20_0_fulltrim.cfile,reference/signalout_000100_fulltrim.cfile,0,1,2,1.0,250000,692676,1000000,2770704,exp000_sess000_run000:seg00:slot000100
exp0_000100_rxg20_0_fulltrim:q2,exp000_sess000_run000:seg00:slot000100,exp000_sess000_run000,100,100,ota/exp0_000100_rxg20_0_fulltrim.cfile,reference/signalout_000100_fulltrim.cfile,0,2,4,2.0,250000,692676,1000000,2770704,exp000_sess000_run000:seg00:slot000100
exp0_000100_rxg20_0_fulltrim:q3,exp000_sess000_run000:seg00:slot000100,exp000_sess000_run000,100,100,ota/exp0_000100_rxg20_0_fulltrim.cfile,reference/signalout_000100_fulltrim.cfile,0,3,6,3.0,250000,692676,1000000,2770704,exp000_sess000_run000:seg00:slot000100
exp0_000100_rxg20_1_fulltrim:q0,exp000_sess000_run000:seg00:slot000100,exp000_sess000_run000,100,100,ota/exp0_000100_rxg20_1_fulltrim.cfile,reference/signalout_000100_fulltrim.cfile,1,0,1,0.5,250000,692676,1000000,2770704,exp000_sess000_run000:seg00:slot000100
exp0_000100_rxg20_1_fulltrim:q1,exp000_sess000_run000:seg00:slot000100,exp000_sess000_run000,100,100,ota/exp0_000100_rxg20_1_fulltrim.cfile,reference/signalout_000100_fulltrim.cfile,1,1,3,1.5,250000,692676,1000000,2770704,exp000_sess000_run000:seg00:slot000100
exp0_000100_rxg20_1_fulltrim:q2,exp000_sess000_run000:seg00:slot000100,exp000_sess000_run000,100,100,ota/exp0_000100_rxg20_1_fulltrim.cfile,reference/signalout_000100_fulltrim.cfile,1,2,5,2.5,250000,692676,1000000,2770704,exp000_sess000_run000:seg00:slot000100
exp0_000100_rxg20_1_fulltrim:q3,exp000_sess000_run000:seg00:slot000100,exp000_sess000_run000,100,100,ota/exp0_000100_rxg20_1_fulltrim.cfile,reference/signalout_000100_fulltrim.cfile,1,3,7,3.5,250000,692676,1000000,2770704,exp000_sess000_run000:seg00:slot000100
exp0_000101_rxg20_0_fulltrim:q0,exp000_sess000_run000:seg00:slot000101,exp000_sess000_run000,101,101,ota/exp0_000101_rxg20_0_fulltrim.cfile,reference/signalout_000101_fulltrim.cfile,0,0,0,0.0,250000,692676,1000000,2770704,exp000_sess000_run000:seg00:slot000101
exp0_000101_rxg20_0_fulltrim:q1,exp000_sess000_run000:seg00:slot000101,exp000_sess000_run000,101,101,ota/exp0_000101_rxg20_0_fulltrim.cfile,reference/signalout_000101_fulltrim.cfile,0,1,2,1.0,250000,692676,1000000,2770704,exp000_sess000_run000:seg00:slot000101
exp0_000101_rxg20_0_fulltrim:q2,exp000_sess000_run000:seg00:slot000101,exp000_sess000_run000,101,101,ota/exp0_000101_rxg20_0_fulltrim.cfile,reference/signalout_000101_fulltrim.cfile,0,2,4,2.0,250000,692676,1000000,2770704,exp000_sess000_run000:seg00:slot000101
exp0_000101_rxg20_0_fulltrim:q3,exp000_sess000_run000:seg00:slot000101,exp000_sess000_run000,101,101,ota/exp0_000101_rxg20_0_fulltrim.cfile,reference/signalout_000101_fulltrim.cfile,0,3,6,3.0,250000,692676,1000000,2770704,exp000_sess000_run000:seg00:slot000101
exp0_000101_rxg20_1_fulltrim:q0,exp000_sess000_run000:seg00:slot000101,exp000_sess000_run000,101,101,ota/exp0_000101_rxg20_1_fulltrim.cfile,reference/signalout_000101_fulltrim.cfile,1,0,1,0.5,250000,692676,1000000,2770704,exp000_sess000_run000:seg00:slot000101
exp0_000101_rxg20_1_fulltrim:q1,exp000_sess000_run000:seg00:slot000101,exp000_sess000_run000,101,101,ota/exp0_000101_rxg20_1_fulltrim.cfile,reference/signalout_000101_fulltrim.cfile,1,1,3,1.5,250000,692676,1000000,2770704,exp000_sess000_run000:seg00:slot000101
exp0_000101_rxg20_1_fulltrim:q2,exp000_sess000_run000:seg00:slot000101,exp000_sess000_run000,101,101,ota/exp0_000101_rxg20_1_fulltrim.cfile,reference/signalout_000101_fulltrim.cfile,1,2,5,2.5,250000,692676,1000000,2770704,exp000_sess000_run000:seg00:slot000101
exp0_000101_rxg20_1_fulltrim:q3,exp000_sess000_run000:seg00:slot000101,exp000_sess000_run000,101,101,ota/exp0_000101_rxg20_1_fulltrim.cfile,reference/signalout_000101_fulltrim.cfile,1,3,7,3.5,250000,692676,1000000,2770704,exp000_sess000_run000:seg00:slot000101
exp0_000102_rxg20_0_fulltrim:q0,exp000_sess000_run000:seg00:slot000102,exp000_sess000_run000,102,102,ota/exp0_000102_rxg20_0_fulltrim.cfile,reference/signalout_000102_fulltrim.cfile,0,0,0,0.0,250000,692676,1000000,2770704,exp000_sess000_run000:seg00:slot000102
exp0_000102_rxg20_0_fulltrim:q1,exp000_sess000_run000:seg00:slot000102,exp000_sess000_run000,102,102,ota/exp0_000102_rxg20_0_fulltrim.cfile,reference/signalout_000102_fulltrim.cfile,0,1,2,1.0,250000,692676,1000000,2770704,exp000_sess000_run000:seg00:slot000102
exp0_000102_rxg20_0_fulltrim:q2,exp000_sess000_run000:seg00:slot000102,exp000_sess000_run000,102,102,ota/exp0_000102_rxg20_0_fulltrim.cfile,reference/signalout_000102_fulltrim.cfile,0,2,4,2.0,250000,692676,1000000,2770704,exp000_sess000_run000:seg00:slot000102
exp0_000102_rxg20_0_fulltrim:q3,exp000_sess000_run000:seg00:slot000102,exp000_sess000_run000,102,102,ota/exp0_000102_rxg20_0_fulltrim.cfile,reference/signalout_000102_fulltrim.cfile,0,3,6,3.0,250000,692676,1000000,2770704,exp000_sess000_run000:seg00:slot000102
exp0_000102_rxg20_1_fulltrim:q0,exp000_sess000_run000:seg00:slot000102,exp000_sess000_run000,102,102,ota/exp0_000102_rxg20_1_fulltrim.cfile,reference/signalout_000102_fulltrim.cfile,1,0,1,0.5,250000,692676,1000000,2770704,exp000_sess000_run000:seg00:slot000102
exp0_000102_rxg20_1_fulltrim:q1,exp000_sess000_run000:seg00:slot000102,exp000_sess000_run000,102,102,ota/exp0_000102_rxg20_1_fulltrim.cfile,reference/signalout_000102_fulltrim.cfile,1,1,3,1.5,250000,692676,1000000,2770704,exp000_sess000_run000:seg00:slot000102
exp0_000102_rxg20_1_fulltrim:q2,exp000_sess000_run000:seg00:slot000102,exp000_sess000_run000,102,102,ota/exp0_000102_rxg20_1_fulltrim.cfile,reference/signalout_000102_fulltrim.cfile,1,2,5,2.5,250000,692676,1000000,2770704,exp000_sess000_run000:seg00:slot000102
exp0_000102_rxg20_1_fulltrim:q3,exp000_sess000_run000:seg00:slot000102,exp000_sess000_run000,102,102,ota/exp0_000102_rxg20_1_fulltrim.cfile,reference/signalout_000102_fulltrim.cfile,1,3,7,3.5,250000,692676,1000000,2770704,exp000_sess000_run000:seg00:slot000102
exp0_000103_rxg20_0_fulltrim:q0,exp000_sess000_run000:seg00:slot000103,exp000_sess000_run000,103,103,ota/exp0_000103_rxg20_0_fulltrim.cfile,reference/signalout_000103_fulltrim.cfile,0,0,0,0.0,250000,692676,1000000,2770704,exp000_sess000_run000:seg00:slot000103
exp0_000103_rxg20_0_fulltrim:q1,exp000_sess000_run000:seg00:slot000103,exp000_sess000_run000,103,103,ota/exp0_000103_rxg20_0_fulltrim.cfile,reference/signalout_000103_fulltrim.cfile,0,1,2,1.0,250000,692676,1000000,2770704,exp000_sess000_run000:seg00:slot000103
exp0_000103_rxg20_0_fulltrim:q2,exp000_sess000_run000:seg00:slot000103,exp000_sess000_run000,103,103,ota/exp0_000103_rxg20_0_fulltrim.cfile,reference/signalout_000103_fulltrim.cfile,0,2,4,2.0,250000,692676,1000000,2770704,exp000_sess000_run000:seg00:slot000103
exp0_000103_rxg20_0_fulltrim:q3,exp000_sess000_run000:seg00:slot000103,exp000_sess000_run000,103,103,ota/exp0_000103_rxg20_0_fulltrim.cfile,reference/signalout_000103_fulltrim.cfile,0,3,6,3.0,250000,692676,1000000,2770704,exp000_sess000_run000:seg00:slot000103
exp0_000103_rxg20_1_fulltrim:q0,exp000_sess000_run000:seg00:slot000103,exp000_sess000_run000,103,103,ota/exp0_000103_rxg20_1_fulltrim.cfile,reference/signalout_000103_fulltrim.cfile,1,0,1,0.5,250000,692676,1000000,2770704,exp000_sess000_run000:seg00:slot000103
exp0_000103_rxg20_1_fulltrim:q1,exp000_sess000_run000:seg00:slot000103,exp000_sess000_run000,103,103,ota/exp0_000103_rxg20_1_fulltrim.cfile,reference/signalout_000103_fulltrim.cfile,1,1,3,1.5,250000,692676,1000000,2770704,exp000_sess000_run000:seg00:slot000103
exp0_000103_rxg20_1_fulltrim:q2,exp000_sess000_run000:seg00:slot000103,exp000_sess000_run000,103,103,ota/exp0_000103_rxg20_1_fulltrim.cfile,reference/signalout_000103_fulltrim.cfile,1,2,5,2.5,250000,692676,1000000,2770704,exp000_sess000_run000:seg00:slot000103
exp0_000103_rxg20_1_fulltrim:q3,exp000_sess000_run000:seg00:slot000103,exp000_sess000_run000,103,103,ota/exp0_000103_rxg20_1_fulltrim.cfile,reference/signalout_000103_fulltrim.cfile,1,3,7,3.5,250000,692676,1000000,2770704,exp000_sess000_run000:seg00:slot000103
exp0_000104_rxg20_0_fulltrim:q0,exp000_sess000_run000:seg00:slot000104,exp000_sess000_run000,104,104,ota/exp0_000104_rxg20_0_fulltrim.cfile,reference/signalout_000104_fulltrim.cfile,0,0,0,0.0,250000,692676,1000000,2770704,exp000_sess000_run000:seg00:slot000104
exp0_000104_rxg20_0_fulltrim:q1,exp000_sess000_run000:seg00:slot000104,exp000_sess000_run000,104,104,ota/exp0_000104_rxg20_0_fulltrim.cfile,reference/signalout_000104_fulltrim.cfile,0,1,2,1.0,250000,692676,1000000,2770704,exp000_sess000_run000:seg00:slot000104
exp0_000104_rxg20_0_fulltrim:q2,exp000_sess000_run000:seg00:slot000104,exp000_sess000_run000,104,104,ota/exp0_000104_rxg20_0_fulltrim.cfile,reference/signalout_000104_fulltrim.cfile,0,2,4,2.0,250000,692676,1000000,2770704,exp000_sess000_run000:seg00:slot000104
exp0_000104_rxg20_0_fulltrim:q3,exp000_sess000_run000:seg00:slot000104,exp000_sess000_run000,104,104,ota/exp0_000104_rxg20_0_fulltrim.cfile,reference/signalout_000104_fulltrim.cfile,0,3,6,3.0,250000,692676,1000000,2770704,exp000_sess000_run000:seg00:slot000104
exp0_000104_rxg20_1_fulltrim:q0,exp000_sess000_run000:seg00:slot000104,exp000_sess000_run000,104,104,ota/exp0_000104_rxg20_1_fulltrim.cfile,reference/signalout_000104_fulltrim.cfile,1,0,1,0.5,250000,692676,1000000,2770704,exp000_sess000_run000:seg00:slot000104
exp0_000104_rxg20_1_fulltrim:q1,exp000_sess000_run000:seg00:slot000104,exp000_sess000_run000,104,104,ota/exp0_000104_rxg20_1_fulltrim.cfile,reference/signalout_000104_fulltrim.cfile,1,1,3,1.5,250000,692676,1000000,2770704,exp000_sess000_run000:seg00:slot000104
exp0_000104_rxg20_1_fulltrim:q2,exp000_sess000_run000:seg00:slot000104,exp000_sess000_run000,104,104,ota/exp0_000104_rxg20_1_fulltrim.cfile,reference/signalout_000104_fulltrim.cfile,1,2,5,2.5,250000,692676,1000000,2770704,exp000_sess000_run000:seg00:slot000104
exp0_000104_rxg20_1_fulltrim:q3,exp000_sess000_run000:seg00:slot000104,exp000_sess000_run000,104,104,ota/exp0_000104_rxg20_1_fulltrim.cfile,reference/signalout_000104_fulltrim.cfile,1,3,7,3.5,250000,692676,1000000,2770704,exp000_sess000_run000:seg00:slot000104
exp0_000105_rxg20_0_fulltrim:q0,exp000_sess000_run000:seg00:slot000105,exp000_sess000_run000,105,105,ota/exp0_000105_rxg20_0_fulltrim.cfile,reference/signalout_000105_fulltrim.cfile,0,0,0,0.0,250000,692676,1000000,2770704,exp000_sess000_run000:seg00:slot000105
exp0_000105_rxg20_0_fulltrim:q1,exp000_sess000_run000:seg00:slot000105,exp000_sess000_run000,105,105,ota/exp0_000105_rxg20_0_fulltrim.cfile,reference/signalout_000105_fulltrim.cfile,0,1,2,1.0,250000,692676,1000000,2770704,exp000_sess000_run000:seg00:slot000105
exp0_000105_rxg20_0_fulltrim:q2,exp000_sess000_run000:seg00:slot000105,exp000_sess000_run000,105,105,ota/exp0_000105_rxg20_0_fulltrim.cfile,reference/signalout_000105_fulltrim.cfile,0,2,4,2.0,250000,692676,1000000,2770704,exp000_sess000_run000:seg00:slot000105
exp0_000105_rxg20_0_fulltrim:q3,exp000_sess000_run000:seg00:slot000105,exp000_sess000_run000,105,105,ota/exp0_000105_rxg20_0_fulltrim.cfile,reference/signalout_000105_fulltrim.cfile,0,3,6,3.0,250000,692676,1000000,2770704,exp000_sess000_run000:seg00:slot000105
exp0_000105_rxg20_1_fulltrim:q0,exp000_sess000_run000:seg00:slot000105,exp000_sess000_run000,105,105,ota/exp0_000105_rxg20_1_fulltrim.cfile,reference/signalout_000105_fulltrim.cfile,1,0,1,0.5,250000,692676,1000000,2770704,exp000_sess000_run000:seg00:slot000105
exp0_000105_rxg20_1_fulltrim:q1,exp000_sess000_run000:seg00:slot000105,exp000_sess000_run000,105,105,ota/exp0_000105_rxg20_1_fulltrim.cfile,reference/signalout_000105_fulltrim.cfile,1,1,3,1.5,250000,692676,1000000,2770704,exp000_sess000_run000:seg00:slot000105
exp0_000105_rxg20_1_fulltrim:q2,exp000_sess000_run000:seg00:slot000105,exp000_sess000_run000,105,105,ota/exp0_000105_rxg20_1_fulltrim.cfile,reference/signalout_000105_fulltrim.cfile,1,2,5,2.5,250000,692676,1000000,2770704,exp000_sess000_run000:seg00:slot000105
exp0_000105_rxg20_1_fulltrim:q3,exp000_sess000_run000:seg00:slot000105,exp000_sess000_run000,105,105,ota/exp0_000105_rxg20_1_fulltrim.cfile,reference/signalout_000105_fulltrim.cfile,1,3,7,3.5,250000,692676,1000000,2770704,exp000_sess000_run000:seg00:slot000105
exp0_000106_rxg20_0_fulltrim:q0,exp000_sess000_run000:seg00:slot000106,exp000_sess000_run000,106,106,ota/exp0_000106_rxg20_0_fulltrim.cfile,reference/signalout_000106_fulltrim.cfile,0,0,0,0.0,250000,692676,1000000,2770704,exp000_sess000_run000:seg00:slot000106
exp0_000106_rxg20_0_fulltrim:q1,exp000_sess000_run000:seg00:slot000106,exp000_sess000_run000,106,106,ota/exp0_000106_rxg20_0_fulltrim.cfile,reference/signalout_000106_fulltrim.cfile,0,1,2,1.0,250000,692676,1000000,2770704,exp000_sess000_run000:seg00:slot000106
exp0_000106_rxg20_0_fulltrim:q2,exp000_sess000_run000:seg00:slot000106,exp000_sess000_run000,106,106,ota/exp0_000106_rxg20_0_fulltrim.cfile,reference/signalout_000106_fulltrim.cfile,0,2,4,2.0,250000,692676,1000000,2770704,exp000_sess000_run000:seg00:slot000106
exp0_000106_rxg20_0_fulltrim:q3,exp000_sess000_run000:seg00:slot000106,exp000_sess000_run000,106,106,ota/exp0_000106_rxg20_0_fulltrim.cfile,reference/signalout_000106_fulltrim.cfile,0,3,6,3.0,250000,692676,1000000,2770704,exp000_sess000_run000:seg00:slot000106
exp0_000106_rxg20_1_fulltrim:q0,exp000_sess000_run000:seg00:slot000106,exp000_sess000_run000,106,106,ota/exp0_000106_rxg20_1_fulltrim.cfile,reference/signalout_000106_fulltrim.cfile,1,0,1,0.5,250000,692676,1000000,2770704,exp000_sess000_run000:seg00:slot000106
exp0_000106_rxg20_1_fulltrim:q1,exp000_sess000_run000:seg00:slot000106,exp000_sess000_run000,106,106,ota/exp0_000106_rxg20_1_fulltrim.cfile,reference/signalout_000106_fulltrim.cfile,1,1,3,1.5,250000,692676,1000000,2770704,exp000_sess000_run000:seg00:slot000106
exp0_000106_rxg20_1_fulltrim:q2,exp000_sess000_run000:seg00:slot000106,exp000_sess000_run000,106,106,ota/exp0_000106_rxg20_1_fulltrim.cfile,reference/signalout_000106_fulltrim.cfile,1,2,5,2.5,250000,692676,1000000,2770704,exp000_sess000_run000:seg00:slot000106
exp0_000106_rxg20_1_fulltrim:q3,exp000_sess000_run000:seg00:slot000106,exp000_sess000_run000,106,106,ota/exp0_000106_rxg20_1_fulltrim.cfile,reference/signalout_000106_fulltrim.cfile,1,3,7,3.5,250000,692676,1000000,2770704,exp000_sess000_run000:seg00:slot000106
exp0_000107_rxg20_0_fulltrim:q0,exp000_sess000_run000:seg00:slot000107,exp000_sess000_run000,107,107,ota/exp0_000107_rxg20_0_fulltrim.cfile,reference/signalout_000107_fulltrim.cfile,0,0,0,0.0,250000,692676,1000000,2770704,exp000_sess000_run000:seg00:slot000107
exp0_000107_rxg20_0_fulltrim:q1,exp000_sess000_run000:seg00:slot000107,exp000_sess000_run000,107,107,ota/exp0_000107_rxg20_0_fulltrim.cfile,reference/signalout_000107_fulltrim.cfile,0,1,2,1.0,250000,692676,1000000,2770704,exp000_sess000_run000:seg00:slot000107
exp0_000107_rxg20_0_fulltrim:q2,exp000_sess000_run000:seg00:slot000107,exp000_sess000_run000,107,107,ota/exp0_000107_rxg20_0_fulltrim.cfile,reference/signalout_000107_fulltrim.cfile,0,2,4,2.0,250000,692676,1000000,2770704,exp000_sess000_run000:seg00:slot000107
exp0_000107_rxg20_0_fulltrim:q3,exp000_sess000_run000:seg00:slot000107,exp000_sess000_run000,107,107,ota/exp0_000107_rxg20_0_fulltrim.cfile,reference/signalout_000107_fulltrim.cfile,0,3,6,3.0,250000,692676,1000000,2770704,exp000_sess000_run000:seg00:slot000107
exp0_000107_rxg20_1_fulltrim:q0,exp000_sess000_run000:seg00:slot000107,exp000_sess000_run000,107,107,ota/exp0_000107_rxg20_1_fulltrim.cfile,reference/signalout_000107_fulltrim.cfile,1,0,1,0.5,250000,692676,1000000,2770704,exp000_sess000_run000:seg00:slot000107
exp0_000107_rxg20_1_fulltrim:q1,exp000_sess000_run000:seg00:slot000107,exp000_sess000_run000,107,107,ota/exp0_000107_rxg20_1_fulltrim.cfile,reference/signalout_000107_fulltrim.cfile,1,1,3,1.5,250000,692676,1000000,2770704,exp000_sess000_run000:seg00:slot000107
exp0_000107_rxg20_1_fulltrim:q2,exp000_sess000_run000:seg00:slot000107,exp000_sess000_run000,107,107,ota/exp0_000107_rxg20_1_fulltrim.cfile,reference/signalout_000107_fulltrim.cfile,1,2,5,2.5,250000,692676,1000000,2770704,exp000_sess000_run000:seg00:slot000107
exp0_000107_rxg20_1_fulltrim:q3,exp000_sess000_run000:seg00:slot000107,exp000_sess000_run000,107,107,ota/exp0_000107_rxg20_1_fulltrim.cfile,reference/signalout_000107_fulltrim.cfile,1,3,7,3.5,250000,692676,1000000,2770704,exp000_sess000_run000:seg00:slot000107
exp0_000108_rxg20_0_fulltrim:q0,exp000_sess000_run000:seg00:slot000108,exp000_sess000_run000,108,108,ota/exp0_000108_rxg20_0_fulltrim.cfile,reference/signalout_000108_fulltrim.cfile,0,0,0,0.0,250000,692676,1000000,2770704,exp000_sess000_run000:seg00:slot000108
exp0_000108_rxg20_0_fulltrim:q1,exp000_sess000_run000:seg00:slot000108,exp000_sess000_run000,108,108,ota/exp0_000108_rxg20_0_fulltrim.cfile,reference/signalout_000108_fulltrim.cfile,0,1,2,1.0,250000,692676,1000000,2770704,exp000_sess000_run000:seg00:slot000108
exp0_000108_rxg20_0_fulltrim:q2,exp000_sess000_run000:seg00:slot000108,exp000_sess000_run000,108,108,ota/exp0_000108_rxg20_0_fulltrim.cfile,reference/signalout_000108_fulltrim.cfile,0,2,4,2.0,250000,692676,1000000,2770704,exp000_sess000_run000:seg00:slot000108
exp0_000108_rxg20_0_fulltrim:q3,exp000_sess000_run000:seg00:slot000108,exp000_sess000_run000,108,108,ota/exp0_000108_rxg20_0_fulltrim.cfile,reference/signalout_000108_fulltrim.cfile,0,3,6,3.0,250000,692676,1000000,2770704,exp000_sess000_run000:seg00:slot000108
exp0_000108_rxg20_1_fulltrim:q0,exp000_sess000_run000:seg00:slot000108,exp000_sess000_run000,108,108,ota/exp0_000108_rxg20_1_fulltrim.cfile,reference/signalout_000108_fulltrim.cfile,1,0,1,0.5,250000,692676,1000000,2770704,exp000_sess000_run000:seg00:slot000108
exp0_000108_rxg20_1_fulltrim:q1,exp000_sess000_run000:seg00:slot000108,exp000_sess000_run000,108,108,ota/exp0_000108_rxg20_1_fulltrim.cfile,reference/signalout_000108_fulltrim.cfile,1,1,3,1.5,250000,692676,1000000,2770704,exp000_sess000_run000:seg00:slot000108
exp0_000108_rxg20_1_fulltrim:q2,exp000_sess000_run000:seg00:slot000108,exp000_sess000_run000,108,108,ota/exp0_000108_rxg20_1_fulltrim.cfile,reference/signalout_000108_fulltrim.cfile,1,2,5,2.5,250000,692676,1000000,2770704,exp000_sess000_run000:seg00:slot000108
exp0_000108_rxg20_1_fulltrim:q3,exp000_sess000_run000:seg00:slot000108,exp000_sess000_run000,108,108,ota/exp0_000108_rxg20_1_fulltrim.cfile,reference/signalout_000108_fulltrim.cfile,1,3,7,3.5,250000,692676,1000000,2770704,exp000_sess000_run000:seg00:slot000108
exp0_000109_rxg20_0_fulltrim:q0,exp000_sess000_run000:seg00:slot000109,exp000_sess000_run000,109,109,ota/exp0_000109_rxg20_0_fulltrim.cfile,reference/signalout_000109_fulltrim.cfile,0,0,0,0.0,250000,692676,1000000,2770704,exp000_sess000_run000:seg00:slot000109
exp0_000109_rxg20_0_fulltrim:q1,exp000_sess000_run000:seg00:slot000109,exp000_sess000_run000,109,109,ota/exp0_000109_rxg20_0_fulltrim.cfile,reference/signalout_000109_fulltrim.cfile,0,1,2,1.0,250000,692676,1000000,2770704,exp000_sess000_run000:seg00:slot000109
exp0_000109_rxg20_0_fulltrim:q2,exp000_sess000_run000:seg00:slot000109,exp000_sess000_run000,109,109,ota/exp0_000109_rxg20_0_fulltrim.cfile,reference/signalout_000109_fulltrim.cfile,0,2,4,2.0,250000,692676,1000000,2770704,exp000_sess000_run000:seg00:slot000109
exp0_000109_rxg20_0_fulltrim:q3,exp000_sess000_run000:seg00:slot000109,exp000_sess000_run000,109,109,ota/exp0_000109_rxg20_0_fulltrim.cfile,reference/signalout_000109_fulltrim.cfile,0,3,6,3.0,250000,692676,1000000,2770704,exp000_sess000_run000:seg00:slot000109
exp0_000109_rxg20_1_fulltrim:q0,exp000_sess000_run000:seg00:slot000109,exp000_sess000_run000,109,109,ota/exp0_000109_rxg20_1_fulltrim.cfile,reference/signalout_000109_fulltrim.cfile,1,0,1,0.5,250000,692676,1000000,2770704,exp000_sess000_run000:seg00:slot000109
exp0_000109_rxg20_1_fulltrim:q1,exp000_sess000_run000:seg00:slot000109,exp000_sess000_run000,109,109,ota/exp0_000109_rxg20_1_fulltrim.cfile,reference/signalout_000109_fulltrim.cfile,1,1,3,1.5,250000,692676,1000000,2770704,exp000_sess000_run000:seg00:slot000109
exp0_000109_rxg20_1_fulltrim:q2,exp000_sess000_run000:seg00:slot000109,exp000_sess000_run000,109,109,ota/exp0_000109_rxg20_1_fulltrim.cfile,reference/signalout_000109_fulltrim.cfile,1,2,5,2.5,250000,692676,1000000,2770704,exp000_sess000_run000:seg00:slot000109
exp0_000109_rxg20_1_fulltrim:q3,exp000_sess000_run000:seg00:slot000109,exp000_sess000_run000,109,109,ota/exp0_000109_rxg20_1_fulltrim.cfile,reference/signalout_000109_fulltrim.cfile,1,3,7,3.5,250000,692676,1000000,2770704,exp000_sess000_run000:seg00:slot000109
exp0_000110_rxg20_0_fulltrim:q0,exp000_sess000_run000:seg00:slot000110,exp000_sess000_run000,110,110,ota/exp0_000110_rxg20_0_fulltrim.cfile,reference/signalout_000110_fulltrim.cfile,0,0,0,0.0,250000,692676,1000000,2770704,exp000_sess000_run000:seg00:slot000110
exp0_000110_rxg20_0_fulltrim:q1,exp000_sess000_run000:seg00:slot000110,exp000_sess000_run000,110,110,ota/exp0_000110_rxg20_0_fulltrim.cfile,reference/signalout_000110_fulltrim.cfile,0,1,2,1.0,250000,692676,1000000,2770704,exp000_sess000_run000:seg00:slot000110
exp0_000110_rxg20_0_fulltrim:q2,exp000_sess000_run000:seg00:slot000110,exp000_sess000_run000,110,110,ota/exp0_000110_rxg20_0_fulltrim.cfile,reference/signalout_000110_fulltrim.cfile,0,2,4,2.0,250000,692676,1000000,2770704,exp000_sess000_run000:seg00:slot000110
exp0_000110_rxg20_0_fulltrim:q3,exp000_sess000_run000:seg00:slot000110,exp000_sess000_run000,110,110,ota/exp0_000110_rxg20_0_fulltrim.cfile,reference/signalout_000110_fulltrim.cfile,0,3,6,3.0,250000,692676,1000000,2770704,exp000_sess000_run000:seg00:slot000110
exp0_000110_rxg20_1_fulltrim:q0,exp000_sess000_run000:seg00:slot000110,exp000_sess000_run000,110,110,ota/exp0_000110_rxg20_1_fulltrim.cfile,reference/signalout_000110_fulltrim.cfile,1,0,1,0.5,250000,692676,1000000,2770704,exp000_sess000_run000:seg00:slot000110
exp0_000110_rxg20_1_fulltrim:q1,exp000_sess000_run000:seg00:slot000110,exp000_sess000_run000,110,110,ota/exp0_000110_rxg20_1_fulltrim.cfile,reference/signalout_000110_fulltrim.cfile,1,1,3,1.5,250000,692676,1000000,2770704,exp000_sess000_run000:seg00:slot000110
exp0_000110_rxg20_1_fulltrim:q2,exp000_sess000_run000:seg00:slot000110,exp000_sess000_run000,110,110,ota/exp0_000110_rxg20_1_fulltrim.cfile,reference/signalout_000110_fulltrim.cfile,1,2,5,2.5,250000,692676,1000000,2770704,exp000_sess000_run000:seg00:slot000110
exp0_000110_rxg20_1_fulltrim:q3,exp000_sess000_run000:seg00:slot000110,exp000_sess000_run000,110,110,ota/exp0_000110_rxg20_1_fulltrim.cfile,reference/signalout_000110_fulltrim.cfile,1,3,7,3.5,250000,692676,1000000,2770704,exp000_sess000_run000:seg00:slot000110
exp0_000111_rxg20_0_fulltrim:q0,exp000_sess000_run000:seg00:slot000111,exp000_sess000_run000,111,111,ota/exp0_000111_rxg20_0_fulltrim.cfile,reference/signalout_000111_fulltrim.cfile,0,0,0,0.0,250000,692676,1000000,2770704,exp000_sess000_run000:seg00:slot000111
exp0_000111_rxg20_0_fulltrim:q1,exp000_sess000_run000:seg00:slot000111,exp000_sess000_run000,111,111,ota/exp0_000111_rxg20_0_fulltrim.cfile,reference/signalout_000111_fulltrim.cfile,0,1,2,1.0,250000,692676,1000000,2770704,exp000_sess000_run000:seg00:slot000111
exp0_000111_rxg20_0_fulltrim:q2,exp000_sess000_run000:seg00:slot000111,exp000_sess000_run000,111,111,ota/exp0_000111_rxg20_0_fulltrim.cfile,reference/signalout_000111_fulltrim.cfile,0,2,4,2.0,250000,692676,1000000,2770704,exp000_sess000_run000:seg00:slot000111
exp0_000111_rxg20_0_fulltrim:q3,exp000_sess000_run000:seg00:slot000111,exp000_sess000_run000,111,111,ota/exp0_000111_rxg20_0_fulltrim.cfile,reference/signalout_000111_fulltrim.cfile,0,3,6,3.0,250000,692676,1000000,2770704,exp000_sess000_run000:seg00:slot000111
exp0_000111_rxg20_1_fulltrim:q0,exp000_sess000_run000:seg00:slot000111,exp000_sess000_run000,111,111,ota/exp0_000111_rxg20_1_fulltrim.cfile,reference/signalout_000111_fulltrim.cfile,1,0,1,0.5,250000,692676,1000000,2770704,exp000_sess000_run000:seg00:slot000111
exp0_000111_rxg20_1_fulltrim:q1,exp000_sess000_run000:seg00:slot000111,exp000_sess000_run000,111,111,ota/exp0_000111_rxg20_1_fulltrim.cfile,reference/signalout_000111_fulltrim.cfile,1,1,3,1.5,250000,692676,1000000,2770704,exp000_sess000_run000:seg00:slot000111
exp0_000111_rxg20_1_fulltrim:q2,exp000_sess000_run000:seg00:slot000111,exp000_sess000_run000,111,111,ota/exp0_000111_rxg20_1_fulltrim.cfile,reference/signalout_000111_fulltrim.cfile,1,2,5,2.5,250000,692676,1000000,2770704,exp000_sess000_run000:seg00:slot000111
exp0_000111_rxg20_1_fulltrim:q3,exp000_sess000_run000:seg00:slot000111,exp000_sess000_run000,111,111,ota/exp0_000111_rxg20_1_fulltrim.cfile,reference/signalout_000111_fulltrim.cfile,1,3,7,3.5,250000,692676,1000000,2770704,exp000_sess000_run000:seg00:slot000111
exp0_000112_rxg20_0_fulltrim:q0,exp000_sess000_run000:seg00:slot000112,exp000_sess000_run000,112,112,ota/exp0_000112_rxg20_0_fulltrim.cfile,reference/signalout_000112_fulltrim.cfile,0,0,0,0.0,250000,692676,1000000,2770704,exp000_sess000_run000:seg00:slot000112
exp0_000112_rxg20_0_fulltrim:q1,exp000_sess000_run000:seg00:slot000112,exp000_sess000_run000,112,112,ota/exp0_000112_rxg20_0_fulltrim.cfile,reference/signalout_000112_fulltrim.cfile,0,1,2,1.0,250000,692676,1000000,2770704,exp000_sess000_run000:seg00:slot000112
exp0_000112_rxg20_0_fulltrim:q2,exp000_sess000_run000:seg00:slot000112,exp000_sess000_run000,112,112,ota/exp0_000112_rxg20_0_fulltrim.cfile,reference/signalout_000112_fulltrim.cfile,0,2,4,2.0,250000,692676,1000000,2770704,exp000_sess000_run000:seg00:slot000112
exp0_000112_rxg20_0_fulltrim:q3,exp000_sess000_run000:seg00:slot000112,exp000_sess000_run000,112,112,ota/exp0_000112_rxg20_0_fulltrim.cfile,reference/signalout_000112_fulltrim.cfile,0,3,6,3.0,250000,692676,1000000,2770704,exp000_sess000_run000:seg00:slot000112
exp0_000112_rxg20_1_fulltrim:q0,exp000_sess000_run000:seg00:slot000112,exp000_sess000_run000,112,112,ota/exp0_000112_rxg20_1_fulltrim.cfile,reference/signalout_000112_fulltrim.cfile,1,0,1,0.5,250000,692676,1000000,2770704,exp000_sess000_run000:seg00:slot000112
exp0_000112_rxg20_1_fulltrim:q1,exp000_sess000_run000:seg00:slot000112,exp000_sess000_run000,112,112,ota/exp0_000112_rxg20_1_fulltrim.cfile,reference/signalout_000112_fulltrim.cfile,1,1,3,1.5,250000,692676,1000000,2770704,exp000_sess000_run000:seg00:slot000112
exp0_000112_rxg20_1_fulltrim:q2,exp000_sess000_run000:seg00:slot000112,exp000_sess000_run000,112,112,ota/exp0_000112_rxg20_1_fulltrim.cfile,reference/signalout_000112_fulltrim.cfile,1,2,5,2.5,250000,692676,1000000,2770704,exp000_sess000_run000:seg00:slot000112
exp0_000112_rxg20_1_fulltrim:q3,exp000_sess000_run000:seg00:slot000112,exp000_sess000_run000,112,112,ota/exp0_000112_rxg20_1_fulltrim.cfile,reference/signalout_000112_fulltrim.cfile,1,3,7,3.5,250000,692676,1000000,2770704,exp000_sess000_run000:seg00:slot000112
exp0_000113_rxg20_0_fulltrim:q0,exp000_sess000_run000:seg00:slot000113,exp000_sess000_run000,113,113,ota/exp0_000113_rxg20_0_fulltrim.cfile,reference/signalout_000113_fulltrim.cfile,0,0,0,0.0,250000,692676,1000000,2770704,exp000_sess000_run000:seg00:slot000113
exp0_000113_rxg20_0_fulltrim:q1,exp000_sess000_run000:seg00:slot000113,exp000_sess000_run000,113,113,ota/exp0_000113_rxg20_0_fulltrim.cfile,reference/signalout_000113_fulltrim.cfile,0,1,2,1.0,250000,692676,1000000,2770704,exp000_sess000_run000:seg00:slot000113
exp0_000113_rxg20_0_fulltrim:q2,exp000_sess000_run000:seg00:slot000113,exp000_sess000_run000,113,113,ota/exp0_000113_rxg20_0_fulltrim.cfile,reference/signalout_000113_fulltrim.cfile,0,2,4,2.0,250000,692676,1000000,2770704,exp000_sess000_run000:seg00:slot000113
exp0_000113_rxg20_0_fulltrim:q3,exp000_sess000_run000:seg00:slot000113,exp000_sess000_run000,113,113,ota/exp0_000113_rxg20_0_fulltrim.cfile,reference/signalout_000113_fulltrim.cfile,0,3,6,3.0,250000,692676,1000000,2770704,exp000_sess000_run000:seg00:slot000113
exp0_000113_rxg20_1_fulltrim:q0,exp000_sess000_run000:seg00:slot000113,exp000_sess000_run000,113,113,ota/exp0_000113_rxg20_1_fulltrim.cfile,reference/signalout_000113_fulltrim.cfile,1,0,1,0.5,250000,692676,1000000,2770704,exp000_sess000_run000:seg00:slot000113
exp0_000113_rxg20_1_fulltrim:q1,exp000_sess000_run000:seg00:slot000113,exp000_sess000_run000,113,113,ota/exp0_000113_rxg20_1_fulltrim.cfile,reference/signalout_000113_fulltrim.cfile,1,1,3,1.5,250000,692676,1000000,2770704,exp000_sess000_run000:seg00:slot000113
exp0_000113_rxg20_1_fulltrim:q2,exp000_sess000_run000:seg00:slot000113,exp000_sess000_run000,113,113,ota/exp0_000113_rxg20_1_fulltrim.cfile,reference/signalout_000113_fulltrim.cfile,1,2,5,2.5,250000,692676,1000000,2770704,exp000_sess000_run000:seg00:slot000113
exp0_000113_rxg20_1_fulltrim:q3,exp000_sess000_run000:seg00:slot000113,exp000_sess000_run000,113,113,ota/exp0_000113_rxg20_1_fulltrim.cfile,reference/signalout_000113_fulltrim.cfile,1,3,7,3.5,250000,692676,1000000,2770704,exp000_sess000_run000:seg00:slot000113
exp0_000114_rxg20_0_fulltrim:q0,exp000_sess000_run000:seg00:slot000114,exp000_sess000_run000,114,114,ota/exp0_000114_rxg20_0_fulltrim.cfile,reference/signalout_000114_fulltrim.cfile,0,0,0,0.0,250000,692676,1000000,2770704,exp000_sess000_run000:seg00:slot000114
exp0_000114_rxg20_0_fulltrim:q1,exp000_sess000_run000:seg00:slot000114,exp000_sess000_run000,114,114,ota/exp0_000114_rxg20_0_fulltrim.cfile,reference/signalout_000114_fulltrim.cfile,0,1,2,1.0,250000,692676,1000000,2770704,exp000_sess000_run000:seg00:slot000114
exp0_000114_rxg20_0_fulltrim:q2,exp000_sess000_run000:seg00:slot000114,exp000_sess000_run000,114,114,ota/exp0_000114_rxg20_0_fulltrim.cfile,reference/signalout_000114_fulltrim.cfile,0,2,4,2.0,250000,692676,1000000,2770704,exp000_sess000_run000:seg00:slot000114
exp0_000114_rxg20_0_fulltrim:q3,exp000_sess000_run000:seg00:slot000114,exp000_sess000_run000,114,114,ota/exp0_000114_rxg20_0_fulltrim.cfile,reference/signalout_000114_fulltrim.cfile,0,3,6,3.0,250000,692676,1000000,2770704,exp000_sess000_run000:seg00:slot000114
exp0_000114_rxg20_1_fulltrim:q0,exp000_sess000_run000:seg00:slot000114,exp000_sess000_run000,114,114,ota/exp0_000114_rxg20_1_fulltrim.cfile,reference/signalout_000114_fulltrim.cfile,1,0,1,0.5,250000,692676,1000000,2770704,exp000_sess000_run000:seg00:slot000114
exp0_000114_rxg20_1_fulltrim:q1,exp000_sess000_run000:seg00:slot000114,exp000_sess000_run000,114,114,ota/exp0_000114_rxg20_1_fulltrim.cfile,reference/signalout_000114_fulltrim.cfile,1,1,3,1.5,250000,692676,1000000,2770704,exp000_sess000_run000:seg00:slot000114
exp0_000114_rxg20_1_fulltrim:q2,exp000_sess000_run000:seg00:slot000114,exp000_sess000_run000,114,114,ota/exp0_000114_rxg20_1_fulltrim.cfile,reference/signalout_000114_fulltrim.cfile,1,2,5,2.5,250000,692676,1000000,2770704,exp000_sess000_run000:seg00:slot000114
exp0_000114_rxg20_1_fulltrim:q3,exp000_sess000_run000:seg00:slot000114,exp000_sess000_run000,114,114,ota/exp0_000114_rxg20_1_fulltrim.cfile,reference/signalout_000114_fulltrim.cfile,1,3,7,3.5,250000,692676,1000000,2770704,exp000_sess000_run000:seg00:slot000114
exp0_000115_rxg20_0_fulltrim:q0,exp000_sess000_run000:seg00:slot000115,exp000_sess000_run000,115,115,ota/exp0_000115_rxg20_0_fulltrim.cfile,reference/signalout_000115_fulltrim.cfile,0,0,0,0.0,250000,692676,1000000,2770704,exp000_sess000_run000:seg00:slot000115
exp0_000115_rxg20_0_fulltrim:q1,exp000_sess000_run000:seg00:slot000115,exp000_sess000_run000,115,115,ota/exp0_000115_rxg20_0_fulltrim.cfile,reference/signalout_000115_fulltrim.cfile,0,1,2,1.0,250000,692676,1000000,2770704,exp000_sess000_run000:seg00:slot000115
exp0_000115_rxg20_0_fulltrim:q2,exp000_sess000_run000:seg00:slot000115,exp000_sess000_run000,115,115,ota/exp0_000115_rxg20_0_fulltrim.cfile,reference/signalout_000115_fulltrim.cfile,0,2,4,2.0,250000,692676,1000000,2770704,exp000_sess000_run000:seg00:slot000115
exp0_000115_rxg20_0_fulltrim:q3,exp000_sess000_run000:seg00:slot000115,exp000_sess000_run000,115,115,ota/exp0_000115_rxg20_0_fulltrim.cfile,reference/signalout_000115_fulltrim.cfile,0,3,6,3.0,250000,692676,1000000,2770704,exp000_sess000_run000:seg00:slot000115
exp0_000115_rxg20_1_fulltrim:q0,exp000_sess000_run000:seg00:slot000115,exp000_sess000_run000,115,115,ota/exp0_000115_rxg20_1_fulltrim.cfile,reference/signalout_000115_fulltrim.cfile,1,0,1,0.5,250000,692676,1000000,2770704,exp000_sess000_run000:seg00:slot000115
exp0_000115_rxg20_1_fulltrim:q1,exp000_sess000_run000:seg00:slot000115,exp000_sess000_run000,115,115,ota/exp0_000115_rxg20_1_fulltrim.cfile,reference/signalout_000115_fulltrim.cfile,1,1,3,1.5,250000,692676,1000000,2770704,exp000_sess000_run000:seg00:slot000115
exp0_000115_rxg20_1_fulltrim:q2,exp000_sess000_run000:seg00:slot000115,exp000_sess000_run000,115,115,ota/exp0_000115_rxg20_1_fulltrim.cfile,reference/signalout_000115_fulltrim.cfile,1,2,5,2.5,250000,692676,1000000,2770704,exp000_sess000_run000:seg00:slot000115
exp0_000115_rxg20_1_fulltrim:q3,exp000_sess000_run000:seg00:slot000115,exp000_sess000_run000,115,115,ota/exp0_000115_rxg20_1_fulltrim.cfile,reference/signalout_000115_fulltrim.cfile,1,3,7,3.5,250000,692676,1000000,2770704,exp000_sess000_run000:seg00:slot000115
exp0_000116_rxg20_0_fulltrim:q0,exp000_sess000_run000:seg00:slot000116,exp000_sess000_run000,116,116,ota/exp0_000116_rxg20_0_fulltrim.cfile,reference/signalout_000116_fulltrim.cfile,0,0,0,0.0,250000,692676,1000000,2770704,exp000_sess000_run000:seg00:slot000116
exp0_000116_rxg20_0_fulltrim:q1,exp000_sess000_run000:seg00:slot000116,exp000_sess000_run000,116,116,ota/exp0_000116_rxg20_0_fulltrim.cfile,reference/signalout_000116_fulltrim.cfile,0,1,2,1.0,250000,692676,1000000,2770704,exp000_sess000_run000:seg00:slot000116
exp0_000116_rxg20_0_fulltrim:q2,exp000_sess000_run000:seg00:slot000116,exp000_sess000_run000,116,116,ota/exp0_000116_rxg20_0_fulltrim.cfile,reference/signalout_000116_fulltrim.cfile,0,2,4,2.0,250000,692676,1000000,2770704,exp000_sess000_run000:seg00:slot000116
exp0_000116_rxg20_0_fulltrim:q3,exp000_sess000_run000:seg00:slot000116,exp000_sess000_run000,116,116,ota/exp0_000116_rxg20_0_fulltrim.cfile,reference/signalout_000116_fulltrim.cfile,0,3,6,3.0,250000,692676,1000000,2770704,exp000_sess000_run000:seg00:slot000116
exp0_000116_rxg20_1_fulltrim:q0,exp000_sess000_run000:seg00:slot000116,exp000_sess000_run000,116,116,ota/exp0_000116_rxg20_1_fulltrim.cfile,reference/signalout_000116_fulltrim.cfile,1,0,1,0.5,250000,692676,1000000,2770704,exp000_sess000_run000:seg00:slot000116
exp0_000116_rxg20_1_fulltrim:q1,exp000_sess000_run000:seg00:slot000116,exp000_sess000_run000,116,116,ota/exp0_000116_rxg20_1_fulltrim.cfile,reference/signalout_000116_fulltrim.cfile,1,1,3,1.5,250000,692676,1000000,2770704,exp000_sess000_run000:seg00:slot000116
exp0_000116_rxg20_1_fulltrim:q2,exp000_sess000_run000:seg00:slot000116,exp000_sess000_run000,116,116,ota/exp0_000116_rxg20_1_fulltrim.cfile,reference/signalout_000116_fulltrim.cfile,1,2,5,2.5,250000,692676,1000000,2770704,exp000_sess000_run000:seg00:slot000116
exp0_000116_rxg20_1_fulltrim:q3,exp000_sess000_run000:seg00:slot000116,exp000_sess000_run000,116,116,ota/exp0_000116_rxg20_1_fulltrim.cfile,reference/signalout_000116_fulltrim.cfile,1,3,7,3.5,250000,692676,1000000,2770704,exp000_sess000_run000:seg00:slot000116
exp0_000117_rxg20_0_fulltrim:q0,exp000_sess000_run000:seg00:slot000117,exp000_sess000_run000,117,117,ota/exp0_000117_rxg20_0_fulltrim.cfile,reference/signalout_000117_fulltrim.cfile,0,0,0,0.0,250000,692676,1000000,2770704,exp000_sess000_run000:seg00:slot000117
exp0_000117_rxg20_0_fulltrim:q1,exp000_sess000_run000:seg00:slot000117,exp000_sess000_run000,117,117,ota/exp0_000117_rxg20_0_fulltrim.cfile,reference/signalout_000117_fulltrim.cfile,0,1,2,1.0,250000,692676,1000000,2770704,exp000_sess000_run000:seg00:slot000117
exp0_000117_rxg20_0_fulltrim:q2,exp000_sess000_run000:seg00:slot000117,exp000_sess000_run000,117,117,ota/exp0_000117_rxg20_0_fulltrim.cfile,reference/signalout_000117_fulltrim.cfile,0,2,4,2.0,250000,692676,1000000,2770704,exp000_sess000_run000:seg00:slot000117
exp0_000117_rxg20_0_fulltrim:q3,exp000_sess000_run000:seg00:slot000117,exp000_sess000_run000,117,117,ota/exp0_000117_rxg20_0_fulltrim.cfile,reference/signalout_000117_fulltrim.cfile,0,3,6,3.0,250000,692676,1000000,2770704,exp000_sess000_run000:seg00:slot000117
exp0_000117_rxg20_1_fulltrim:q0,exp000_sess000_run000:seg00:slot000117,exp000_sess000_run000,117,117,ota/exp0_000117_rxg20_1_fulltrim.cfile,reference/signalout_000117_fulltrim.cfile,1,0,1,0.5,250000,692676,1000000,2770704,exp000_sess000_run000:seg00:slot000117
exp0_000117_rxg20_1_fulltrim:q1,exp000_sess000_run000:seg00:slot000117,exp000_sess000_run000,117,117,ota/exp0_000117_rxg20_1_fulltrim.cfile,reference/signalout_000117_fulltrim.cfile,1,1,3,1.5,250000,692676,1000000,2770704,exp000_sess000_run000:seg00:slot000117
exp0_000117_rxg20_1_fulltrim:q2,exp000_sess000_run000:seg00:slot000117,exp000_sess000_run000,117,117,ota/exp0_000117_rxg20_1_fulltrim.cfile,reference/signalout_000117_fulltrim.cfile,1,2,5,2.5,250000,692676,1000000,2770704,exp000_sess000_run000:seg00:slot000117
exp0_000117_rxg20_1_fulltrim:q3,exp000_sess000_run000:seg00:slot000117,exp000_sess000_run000,117,117,ota/exp0_000117_rxg20_1_fulltrim.cfile,reference/signalout_000117_fulltrim.cfile,1,3,7,3.5,250000,692676,1000000,2770704,exp000_sess000_run000:seg00:slot000117
exp0_000118_rxg20_0_fulltrim:q0,exp000_sess000_run000:seg00:slot000118,exp000_sess000_run000,118,118,ota/exp0_000118_rxg20_0_fulltrim.cfile,reference/signalout_000118_fulltrim.cfile,0,0,0,0.0,250000,692676,1000000,2770704,exp000_sess000_run000:seg00:slot000118
exp0_000118_rxg20_0_fulltrim:q1,exp000_sess000_run000:seg00:slot000118,exp000_sess000_run000,118,118,ota/exp0_000118_rxg20_0_fulltrim.cfile,reference/signalout_000118_fulltrim.cfile,0,1,2,1.0,250000,692676,1000000,2770704,exp000_sess000_run000:seg00:slot000118
exp0_000118_rxg20_0_fulltrim:q2,exp000_sess000_run000:seg00:slot000118,exp000_sess000_run000,118,118,ota/exp0_000118_rxg20_0_fulltrim.cfile,reference/signalout_000118_fulltrim.cfile,0,2,4,2.0,250000,692676,1000000,2770704,exp000_sess000_run000:seg00:slot000118
exp0_000118_rxg20_0_fulltrim:q3,exp000_sess000_run000:seg00:slot000118,exp000_sess000_run000,118,118,ota/exp0_000118_rxg20_0_fulltrim.cfile,reference/signalout_000118_fulltrim.cfile,0,3,6,3.0,250000,692676,1000000,2770704,exp000_sess000_run000:seg00:slot000118
exp0_000118_rxg20_1_fulltrim:q0,exp000_sess000_run000:seg00:slot000118,exp000_sess000_run000,118,118,ota/exp0_000118_rxg20_1_fulltrim.cfile,reference/signalout_000118_fulltrim.cfile,1,0,1,0.5,250000,692676,1000000,2770704,exp000_sess000_run000:seg00:slot000118
exp0_000118_rxg20_1_fulltrim:q1,exp000_sess000_run000:seg00:slot000118,exp000_sess000_run000,118,118,ota/exp0_000118_rxg20_1_fulltrim.cfile,reference/signalout_000118_fulltrim.cfile,1,1,3,1.5,250000,692676,1000000,2770704,exp000_sess000_run000:seg00:slot000118
exp0_000118_rxg20_1_fulltrim:q2,exp000_sess000_run000:seg00:slot000118,exp000_sess000_run000,118,118,ota/exp0_000118_rxg20_1_fulltrim.cfile,reference/signalout_000118_fulltrim.cfile,1,2,5,2.5,250000,692676,1000000,2770704,exp000_sess000_run000:seg00:slot000118
exp0_000118_rxg20_1_fulltrim:q3,exp000_sess000_run000:seg00:slot000118,exp000_sess000_run000,118,118,ota/exp0_000118_rxg20_1_fulltrim.cfile,reference/signalout_000118_fulltrim.cfile,1,3,7,3.5,250000,692676,1000000,2770704,exp000_sess000_run000:seg00:slot000118
exp0_000119_rxg20_0_fulltrim:q0,exp000_sess000_run000:seg00:slot000119,exp000_sess000_run000,119,119,ota/exp0_000119_rxg20_0_fulltrim.cfile,reference/signalout_000119_fulltrim.cfile,0,0,0,0.0,250000,692676,1000000,2770704,exp000_sess000_run000:seg00:slot000119
exp0_000119_rxg20_0_fulltrim:q1,exp000_sess000_run000:seg00:slot000119,exp000_sess000_run000,119,119,ota/exp0_000119_rxg20_0_fulltrim.cfile,reference/signalout_000119_fulltrim.cfile,0,1,2,1.0,250000,692676,1000000,2770704,exp000_sess000_run000:seg00:slot000119
exp0_000119_rxg20_0_fulltrim:q2,exp000_sess000_run000:seg00:slot000119,exp000_sess000_run000,119,119,ota/exp0_000119_rxg20_0_fulltrim.cfile,reference/signalout_000119_fulltrim.cfile,0,2,4,2.0,250000,692676,1000000,2770704,exp000_sess000_run000:seg00:slot000119
exp0_000119_rxg20_0_fulltrim:q3,exp000_sess000_run000:seg00:slot000119,exp000_sess000_run000,119,119,ota/exp0_000119_rxg20_0_fulltrim.cfile,reference/signalout_000119_fulltrim.cfile,0,3,6,3.0,250000,692676,1000000,2770704,exp000_sess000_run000:seg00:slot000119
exp0_000119_rxg20_1_fulltrim:q0,exp000_sess000_run000:seg00:slot000119,exp000_sess000_run000,119,119,ota/exp0_000119_rxg20_1_fulltrim.cfile,reference/signalout_000119_fulltrim.cfile,1,0,1,0.5,250000,692676,1000000,2770704,exp000_sess000_run000:seg00:slot000119
exp0_000119_rxg20_1_fulltrim:q1,exp000_sess000_run000:seg00:slot000119,exp000_sess000_run000,119,119,ota/exp0_000119_rxg20_1_fulltrim.cfile,reference/signalout_000119_fulltrim.cfile,1,1,3,1.5,250000,692676,1000000,2770704,exp000_sess000_run000:seg00:slot000119
exp0_000119_rxg20_1_fulltrim:q2,exp000_sess000_run000:seg00:slot000119,exp000_sess000_run000,119,119,ota/exp0_000119_rxg20_1_fulltrim.cfile,reference/signalout_000119_fulltrim.cfile,1,2,5,2.5,250000,692676,1000000,2770704,exp000_sess000_run000:seg00:slot000119
exp0_000119_rxg20_1_fulltrim:q3,exp000_sess000_run000:seg00:slot000119,exp000_sess000_run000,119,119,ota/exp0_000119_rxg20_1_fulltrim.cfile,reference/signalout_000119_fulltrim.cfile,1,3,7,3.5,250000,692676,1000000,2770704,exp000_sess000_run000:seg00:slot000119
exp0_000120_rxg20_0_fulltrim:q0,exp000_sess000_run000:seg00:slot000120,exp000_sess000_run000,120,0,ota/exp0_000120_rxg20_0_fulltrim.cfile,reference/signalout_000000_fulltrim.cfile,0,0,0,0.0,250000,692676,1000000,2770704,exp000_sess000_run000:seg00:slot000120
exp0_000120_rxg20_0_fulltrim:q1,exp000_sess000_run000:seg00:slot000120,exp000_sess000_run000,120,0,ota/exp0_000120_rxg20_0_fulltrim.cfile,reference/signalout_000000_fulltrim.cfile,0,1,2,1.0,250000,692676,1000000,2770704,exp000_sess000_run000:seg00:slot000120
exp0_000120_rxg20_0_fulltrim:q2,exp000_sess000_run000:seg00:slot000120,exp000_sess000_run000,120,0,ota/exp0_000120_rxg20_0_fulltrim.cfile,reference/signalout_000000_fulltrim.cfile,0,2,4,2.0,250000,692676,1000000,2770704,exp000_sess000_run000:seg00:slot000120
exp0_000120_rxg20_0_fulltrim:q3,exp000_sess000_run000:seg00:slot000120,exp000_sess000_run000,120,0,ota/exp0_000120_rxg20_0_fulltrim.cfile,reference/signalout_000000_fulltrim.cfile,0,3,6,3.0,250000,692676,1000000,2770704,exp000_sess000_run000:seg00:slot000120
exp0_000120_rxg20_1_fulltrim:q0,exp000_sess000_run000:seg00:slot000120,exp000_sess000_run000,120,0,ota/exp0_000120_rxg20_1_fulltrim.cfile,reference/signalout_000000_fulltrim.cfile,1,0,1,0.5,250000,692676,1000000,2770704,exp000_sess000_run000:seg00:slot000120
exp0_000120_rxg20_1_fulltrim:q1,exp000_sess000_run000:seg00:slot000120,exp000_sess000_run000,120,0,ota/exp0_000120_rxg20_1_fulltrim.cfile,reference/signalout_000000_fulltrim.cfile,1,1,3,1.5,250000,692676,1000000,2770704,exp000_sess000_run000:seg00:slot000120
exp0_000120_rxg20_1_fulltrim:q2,exp000_sess000_run000:seg00:slot000120,exp000_sess000_run000,120,0,ota/exp0_000120_rxg20_1_fulltrim.cfile,reference/signalout_000000_fulltrim.cfile,1,2,5,2.5,250000,692676,1000000,2770704,exp000_sess000_run000:seg00:slot000120
exp0_000120_rxg20_1_fulltrim:q3,exp000_sess000_run000:seg00:slot000120,exp000_sess000_run000,120,0,ota/exp0_000120_rxg20_1_fulltrim.cfile,reference/signalout_000000_fulltrim.cfile,1,3,7,3.5,250000,692676,1000000,2770704,exp000_sess000_run000:seg00:slot000120
exp0_000121_rxg20_0_fulltrim:q0,exp000_sess000_run000:seg00:slot000121,exp000_sess000_run000,121,1,ota/exp0_000121_rxg20_0_fulltrim.cfile,reference/signalout_000001_fulltrim.cfile,0,0,0,0.0,250000,692676,1000000,2770704,exp000_sess000_run000:seg00:slot000121
exp0_000121_rxg20_0_fulltrim:q1,exp000_sess000_run000:seg00:slot000121,exp000_sess000_run000,121,1,ota/exp0_000121_rxg20_0_fulltrim.cfile,reference/signalout_000001_fulltrim.cfile,0,1,2,1.0,250000,692676,1000000,2770704,exp000_sess000_run000:seg00:slot000121
exp0_000121_rxg20_0_fulltrim:q2,exp000_sess000_run000:seg00:slot000121,exp000_sess000_run000,121,1,ota/exp0_000121_rxg20_0_fulltrim.cfile,reference/signalout_000001_fulltrim.cfile,0,2,4,2.0,250000,692676,1000000,2770704,exp000_sess000_run000:seg00:slot000121
exp0_000121_rxg20_0_fulltrim:q3,exp000_sess000_run000:seg00:slot000121,exp000_sess000_run000,121,1,ota/exp0_000121_rxg20_0_fulltrim.cfile,reference/signalout_000001_fulltrim.cfile,0,3,6,3.0,250000,692676,1000000,2770704,exp000_sess000_run000:seg00:slot000121
exp0_000121_rxg20_1_fulltrim:q0,exp000_sess000_run000:seg00:slot000121,exp000_sess000_run000,121,1,ota/exp0_000121_rxg20_1_fulltrim.cfile,reference/signalout_000001_fulltrim.cfile,1,0,1,0.5,250000,692676,1000000,2770704,exp000_sess000_run000:seg00:slot000121
exp0_000121_rxg20_1_fulltrim:q1,exp000_sess000_run000:seg00:slot000121,exp000_sess000_run000,121,1,ota/exp0_000121_rxg20_1_fulltrim.cfile,reference/signalout_000001_fulltrim.cfile,1,1,3,1.5,250000,692676,1000000,2770704,exp000_sess000_run000:seg00:slot000121
exp0_000121_rxg20_1_fulltrim:q2,exp000_sess000_run000:seg00:slot000121,exp000_sess000_run000,121,1,ota/exp0_000121_rxg20_1_fulltrim.cfile,reference/signalout_000001_fulltrim.cfile,1,2,5,2.5,250000,692676,1000000,2770704,exp000_sess000_run000:seg00:slot000121
exp0_000121_rxg20_1_fulltrim:q3,exp000_sess000_run000:seg00:slot000121,exp000_sess000_run000,121,1,ota/exp0_000121_rxg20_1_fulltrim.cfile,reference/signalout_000001_fulltrim.cfile,1,3,7,3.5,250000,692676,1000000,2770704,exp000_sess000_run000:seg00:slot000121
exp0_000122_rxg20_0_fulltrim:q0,exp000_sess000_run000:seg00:slot000122,exp000_sess000_run000,122,2,ota/exp0_000122_rxg20_0_fulltrim.cfile,reference/signalout_000002_fulltrim.cfile,0,0,0,0.0,250000,692676,1000000,2770704,exp000_sess000_run000:seg00:slot000122
exp0_000122_rxg20_0_fulltrim:q1,exp000_sess000_run000:seg00:slot000122,exp000_sess000_run000,122,2,ota/exp0_000122_rxg20_0_fulltrim.cfile,reference/signalout_000002_fulltrim.cfile,0,1,2,1.0,250000,692676,1000000,2770704,exp000_sess000_run000:seg00:slot000122
exp0_000122_rxg20_0_fulltrim:q2,exp000_sess000_run000:seg00:slot000122,exp000_sess000_run000,122,2,ota/exp0_000122_rxg20_0_fulltrim.cfile,reference/signalout_000002_fulltrim.cfile,0,2,4,2.0,250000,692676,1000000,2770704,exp000_sess000_run000:seg00:slot000122
exp0_000122_rxg20_0_fulltrim:q3,exp000_sess000_run000:seg00:slot000122,exp000_sess000_run000,122,2,ota/exp0_000122_rxg20_0_fulltrim.cfile,reference/signalout_000002_fulltrim.cfile,0,3,6,3.0,250000,692676,1000000,2770704,exp000_sess000_run000:seg00:slot000122
exp0_000122_rxg20_1_fulltrim:q0,exp000_sess000_run000:seg00:slot000122,exp000_sess000_run000,122,2,ota/exp0_000122_rxg20_1_fulltrim.cfile,reference/signalout_000002_fulltrim.cfile,1,0,1,0.5,250000,692676,1000000,2770704,exp000_sess000_run000:seg00:slot000122
exp0_000122_rxg20_1_fulltrim:q1,exp000_sess000_run000:seg00:slot000122,exp000_sess000_run000,122,2,ota/exp0_000122_rxg20_1_fulltrim.cfile,reference/signalout_000002_fulltrim.cfile,1,1,3,1.5,250000,692676,1000000,2770704,exp000_sess000_run000:seg00:slot000122
exp0_000122_rxg20_1_fulltrim:q2,exp000_sess000_run000:seg00:slot000122,exp000_sess000_run000,122,2,ota/exp0_000122_rxg20_1_fulltrim.cfile,reference/signalout_000002_fulltrim.cfile,1,2,5,2.5,250000,692676,1000000,2770704,exp000_sess000_run000:seg00:slot000122
exp0_000122_rxg20_1_fulltrim:q3,exp000_sess000_run000:seg00:slot000122,exp000_sess000_run000,122,2,ota/exp0_000122_rxg20_1_fulltrim.cfile,reference/signalout_000002_fulltrim.cfile,1,3,7,3.5,250000,692676,1000000,2770704,exp000_sess000_run000:seg00:slot000122
exp0_000123_rxg20_0_fulltrim:q0,exp000_sess000_run000:seg00:slot000123,exp000_sess000_run000,123,3,ota/exp0_000123_rxg20_0_fulltrim.cfile,reference/signalout_000003_fulltrim.cfile,0,0,0,0.0,250000,692676,1000000,2770704,exp000_sess000_run000:seg00:slot000123
exp0_000123_rxg20_0_fulltrim:q1,exp000_sess000_run000:seg00:slot000123,exp000_sess000_run000,123,3,ota/exp0_000123_rxg20_0_fulltrim.cfile,reference/signalout_000003_fulltrim.cfile,0,1,2,1.0,250000,692676,1000000,2770704,exp000_sess000_run000:seg00:slot000123
exp0_000123_rxg20_0_fulltrim:q2,exp000_sess000_run000:seg00:slot000123,exp000_sess000_run000,123,3,ota/exp0_000123_rxg20_0_fulltrim.cfile,reference/signalout_000003_fulltrim.cfile,0,2,4,2.0,250000,692676,1000000,2770704,exp000_sess000_run000:seg00:slot000123
exp0_000123_rxg20_0_fulltrim:q3,exp000_sess000_run000:seg00:slot000123,exp000_sess000_run000,123,3,ota/exp0_000123_rxg20_0_fulltrim.cfile,reference/signalout_000003_fulltrim.cfile,0,3,6,3.0,250000,692676,1000000,2770704,exp000_sess000_run000:seg00:slot000123
exp0_000123_rxg20_1_fulltrim:q0,exp000_sess000_run000:seg00:slot000123,exp000_sess000_run000,123,3,ota/exp0_000123_rxg20_1_fulltrim.cfile,reference/signalout_000003_fulltrim.cfile,1,0,1,0.5,250000,692676,1000000,2770704,exp000_sess000_run000:seg00:slot000123
exp0_000123_rxg20_1_fulltrim:q1,exp000_sess000_run000:seg00:slot000123,exp000_sess000_run000,123,3,ota/exp0_000123_rxg20_1_fulltrim.cfile,reference/signalout_000003_fulltrim.cfile,1,1,3,1.5,250000,692676,1000000,2770704,exp000_sess000_run000:seg00:slot000123
exp0_000123_rxg20_1_fulltrim:q2,exp000_sess000_run000:seg00:slot000123,exp000_sess000_run000,123,3,ota/exp0_000123_rxg20_1_fulltrim.cfile,reference/signalout_000003_fulltrim.cfile,1,2,5,2.5,250000,692676,1000000,2770704,exp000_sess000_run000:seg00:slot000123
exp0_000123_rxg20_1_fulltrim:q3,exp000_sess000_run000:seg00:slot000123,exp000_sess000_run000,123,3,ota/exp0_000123_rxg20_1_fulltrim.cfile,reference/signalout_000003_fulltrim.cfile,1,3,7,3.5,250000,692676,1000000,2770704,exp000_sess000_run000:seg00:slot000123
exp0_000124_rxg20_0_fulltrim:q0,exp000_sess000_run000:seg00:slot000124,exp000_sess000_run000,124,4,ota/exp0_000124_rxg20_0_fulltrim.cfile,reference/signalout_000004_fulltrim.cfile,0,0,0,0.0,250000,692676,1000000,2770704,exp000_sess000_run000:seg00:slot000124
exp0_000124_rxg20_0_fulltrim:q1,exp000_sess000_run000:seg00:slot000124,exp000_sess000_run000,124,4,ota/exp0_000124_rxg20_0_fulltrim.cfile,reference/signalout_000004_fulltrim.cfile,0,1,2,1.0,250000,692676,1000000,2770704,exp000_sess000_run000:seg00:slot000124
exp0_000124_rxg20_0_fulltrim:q2,exp000_sess000_run000:seg00:slot000124,exp000_sess000_run000,124,4,ota/exp0_000124_rxg20_0_fulltrim.cfile,reference/signalout_000004_fulltrim.cfile,0,2,4,2.0,250000,692676,1000000,2770704,exp000_sess000_run000:seg00:slot000124
exp0_000124_rxg20_0_fulltrim:q3,exp000_sess000_run000:seg00:slot000124,exp000_sess000_run000,124,4,ota/exp0_000124_rxg20_0_fulltrim.cfile,reference/signalout_000004_fulltrim.cfile,0,3,6,3.0,250000,692676,1000000,2770704,exp000_sess000_run000:seg00:slot000124
exp0_000124_rxg20_1_fulltrim:q0,exp000_sess000_run000:seg00:slot000124,exp000_sess000_run000,124,4,ota/exp0_000124_rxg20_1_fulltrim.cfile,reference/signalout_000004_fulltrim.cfile,1,0,1,0.5,250000,692676,1000000,2770704,exp000_sess000_run000:seg00:slot000124
exp0_000124_rxg20_1_fulltrim:q1,exp000_sess000_run000:seg00:slot000124,exp000_sess000_run000,124,4,ota/exp0_000124_rxg20_1_fulltrim.cfile,reference/signalout_000004_fulltrim.cfile,1,1,3,1.5,250000,692676,1000000,2770704,exp000_sess000_run000:seg00:slot000124
exp0_000124_rxg20_1_fulltrim:q2,exp000_sess000_run000:seg00:slot000124,exp000_sess000_run000,124,4,ota/exp0_000124_rxg20_1_fulltrim.cfile,reference/signalout_000004_fulltrim.cfile,1,2,5,2.5,250000,692676,1000000,2770704,exp000_sess000_run000:seg00:slot000124
exp0_000124_rxg20_1_fulltrim:q3,exp000_sess000_run000:seg00:slot000124,exp000_sess000_run000,124,4,ota/exp0_000124_rxg20_1_fulltrim.cfile,reference/signalout_000004_fulltrim.cfile,1,3,7,3.5,250000,692676,1000000,2770704,exp000_sess000_run000:seg00:slot000124
exp0_000125_rxg20_0_fulltrim:q0,exp000_sess000_run000:seg00:slot000125,exp000_sess000_run000,125,5,ota/exp0_000125_rxg20_0_fulltrim.cfile,reference/signalout_000005_fulltrim.cfile,0,0,0,0.0,250000,692676,1000000,2770704,exp000_sess000_run000:seg00:slot000125
exp0_000125_rxg20_0_fulltrim:q1,exp000_sess000_run000:seg00:slot000125,exp000_sess000_run000,125,5,ota/exp0_000125_rxg20_0_fulltrim.cfile,reference/signalout_000005_fulltrim.cfile,0,1,2,1.0,250000,692676,1000000,2770704,exp000_sess000_run000:seg00:slot000125
exp0_000125_rxg20_0_fulltrim:q2,exp000_sess000_run000:seg00:slot000125,exp000_sess000_run000,125,5,ota/exp0_000125_rxg20_0_fulltrim.cfile,reference/signalout_000005_fulltrim.cfile,0,2,4,2.0,250000,692676,1000000,2770704,exp000_sess000_run000:seg00:slot000125
exp0_000125_rxg20_0_fulltrim:q3,exp000_sess000_run000:seg00:slot000125,exp000_sess000_run000,125,5,ota/exp0_000125_rxg20_0_fulltrim.cfile,reference/signalout_000005_fulltrim.cfile,0,3,6,3.0,250000,692676,1000000,2770704,exp000_sess000_run000:seg00:slot000125
exp0_000125_rxg20_1_fulltrim:q0,exp000_sess000_run000:seg00:slot000125,exp000_sess000_run000,125,5,ota/exp0_000125_rxg20_1_fulltrim.cfile,reference/signalout_000005_fulltrim.cfile,1,0,1,0.5,250000,692676,1000000,2770704,exp000_sess000_run000:seg00:slot000125
exp0_000125_rxg20_1_fulltrim:q1,exp000_sess000_run000:seg00:slot000125,exp000_sess000_run000,125,5,ota/exp0_000125_rxg20_1_fulltrim.cfile,reference/signalout_000005_fulltrim.cfile,1,1,3,1.5,250000,692676,1000000,2770704,exp000_sess000_run000:seg00:slot000125
exp0_000125_rxg20_1_fulltrim:q2,exp000_sess000_run000:seg00:slot000125,exp000_sess000_run000,125,5,ota/exp0_000125_rxg20_1_fulltrim.cfile,reference/signalout_000005_fulltrim.cfile,1,2,5,2.5,250000,692676,1000000,2770704,exp000_sess000_run000:seg00:slot000125
exp0_000125_rxg20_1_fulltrim:q3,exp000_sess000_run000:seg00:slot000125,exp000_sess000_run000,125,5,ota/exp0_000125_rxg20_1_fulltrim.cfile,reference/signalout_000005_fulltrim.cfile,1,3,7,3.5,250000,692676,1000000,2770704,exp000_sess000_run000:seg00:slot000125
exp0_000126_rxg20_0_fulltrim:q0,exp000_sess000_run000:seg00:slot000126,exp000_sess000_run000,126,6,ota/exp0_000126_rxg20_0_fulltrim.cfile,reference/signalout_000006_fulltrim.cfile,0,0,0,0.0,250000,692676,1000000,2770704,exp000_sess000_run000:seg00:slot000126
exp0_000126_rxg20_0_fulltrim:q1,exp000_sess000_run000:seg00:slot000126,exp000_sess000_run000,126,6,ota/exp0_000126_rxg20_0_fulltrim.cfile,reference/signalout_000006_fulltrim.cfile,0,1,2,1.0,250000,692676,1000000,2770704,exp000_sess000_run000:seg00:slot000126
exp0_000126_rxg20_0_fulltrim:q2,exp000_sess000_run000:seg00:slot000126,exp000_sess000_run000,126,6,ota/exp0_000126_rxg20_0_fulltrim.cfile,reference/signalout_000006_fulltrim.cfile,0,2,4,2.0,250000,692676,1000000,2770704,exp000_sess000_run000:seg00:slot000126
exp0_000126_rxg20_0_fulltrim:q3,exp000_sess000_run000:seg00:slot000126,exp000_sess000_run000,126,6,ota/exp0_000126_rxg20_0_fulltrim.cfile,reference/signalout_000006_fulltrim.cfile,0,3,6,3.0,250000,692676,1000000,2770704,exp000_sess000_run000:seg00:slot000126
exp0_000126_rxg20_1_fulltrim:q0,exp000_sess000_run000:seg00:slot000126,exp000_sess000_run000,126,6,ota/exp0_000126_rxg20_1_fulltrim.cfile,reference/signalout_000006_fulltrim.cfile,1,0,1,0.5,250000,692676,1000000,2770704,exp000_sess000_run000:seg00:slot000126
exp0_000126_rxg20_1_fulltrim:q1,exp000_sess000_run000:seg00:slot000126,exp000_sess000_run000,126,6,ota/exp0_000126_rxg20_1_fulltrim.cfile,reference/signalout_000006_fulltrim.cfile,1,1,3,1.5,250000,692676,1000000,2770704,exp000_sess000_run000:seg00:slot000126
exp0_000126_rxg20_1_fulltrim:q2,exp000_sess000_run000:seg00:slot000126,exp000_sess000_run000,126,6,ota/exp0_000126_rxg20_1_fulltrim.cfile,reference/signalout_000006_fulltrim.cfile,1,2,5,2.5,250000,692676,1000000,2770704,exp000_sess000_run000:seg00:slot000126
exp0_000126_rxg20_1_fulltrim:q3,exp000_sess000_run000:seg00:slot000126,exp000_sess000_run000,126,6,ota/exp0_000126_rxg20_1_fulltrim.cfile,reference/signalout_000006_fulltrim.cfile,1,3,7,3.5,250000,692676,1000000,2770704,exp000_sess000_run000:seg00:slot000126
exp0_000127_rxg20_0_fulltrim:q0,exp000_sess000_run000:seg00:slot000127,exp000_sess000_run000,127,7,ota/exp0_000127_rxg20_0_fulltrim.cfile,reference/signalout_000007_fulltrim.cfile,0,0,0,0.0,250000,692676,1000000,2770704,exp000_sess000_run000:seg00:slot000127
exp0_000127_rxg20_0_fulltrim:q1,exp000_sess000_run000:seg00:slot000127,exp000_sess000_run000,127,7,ota/exp0_000127_rxg20_0_fulltrim.cfile,reference/signalout_000007_fulltrim.cfile,0,1,2,1.0,250000,692676,1000000,2770704,exp000_sess000_run000:seg00:slot000127
exp0_000127_rxg20_0_fulltrim:q2,exp000_sess000_run000:seg00:slot000127,exp000_sess000_run000,127,7,ota/exp0_000127_rxg20_0_fulltrim.cfile,reference/signalout_000007_fulltrim.cfile,0,2,4,2.0,250000,692676,1000000,2770704,exp000_sess000_run000:seg00:slot000127
exp0_000127_rxg20_0_fulltrim:q3,exp000_sess000_run000:seg00:slot000127,exp000_sess000_run000,127,7,ota/exp0_000127_rxg20_0_fulltrim.cfile,reference/signalout_000007_fulltrim.cfile,0,3,6,3.0,250000,692676,1000000,2770704,exp000_sess000_run000:seg00:slot000127
exp0_000127_rxg20_1_fulltrim:q0,exp000_sess000_run000:seg00:slot000127,exp000_sess000_run000,127,7,ota/exp0_000127_rxg20_1_fulltrim.cfile,reference/signalout_000007_fulltrim.cfile,1,0,1,0.5,250000,692676,1000000,2770704,exp000_sess000_run000:seg00:slot000127
exp0_000127_rxg20_1_fulltrim:q1,exp000_sess000_run000:seg00:slot000127,exp000_sess000_run000,127,7,ota/exp0_000127_rxg20_1_fulltrim.cfile,reference/signalout_000007_fulltrim.cfile,1,1,3,1.5,250000,692676,1000000,2770704,exp000_sess000_run000:seg00:slot000127
exp0_000127_rxg20_1_fulltrim:q2,exp000_sess000_run000:seg00:slot000127,exp000_sess000_run000,127,7,ota/exp0_000127_rxg20_1_fulltrim.cfile,reference/signalout_000007_fulltrim.cfile,1,2,5,2.5,250000,692676,1000000,2770704,exp000_sess000_run000:seg00:slot000127
exp0_000127_rxg20_1_fulltrim:q3,exp000_sess000_run000:seg00:slot000127,exp000_sess000_run000,127,7,ota/exp0_000127_rxg20_1_fulltrim.cfile,reference/signalout_000007_fulltrim.cfile,1,3,7,3.5,250000,692676,1000000,2770704,exp000_sess000_run000:seg00:slot000127
exp0_000128_rxg20_0_fulltrim:q0,exp000_sess000_run000:seg00:slot000128,exp000_sess000_run000,128,8,ota/exp0_000128_rxg20_0_fulltrim.cfile,reference/signalout_000008_fulltrim.cfile,0,0,0,0.0,250000,692676,1000000,2770704,exp000_sess000_run000:seg00:slot000128
exp0_000128_rxg20_0_fulltrim:q1,exp000_sess000_run000:seg00:slot000128,exp000_sess000_run000,128,8,ota/exp0_000128_rxg20_0_fulltrim.cfile,reference/signalout_000008_fulltrim.cfile,0,1,2,1.0,250000,692676,1000000,2770704,exp000_sess000_run000:seg00:slot000128
exp0_000128_rxg20_0_fulltrim:q2,exp000_sess000_run000:seg00:slot000128,exp000_sess000_run000,128,8,ota/exp0_000128_rxg20_0_fulltrim.cfile,reference/signalout_000008_fulltrim.cfile,0,2,4,2.0,250000,692676,1000000,2770704,exp000_sess000_run000:seg00:slot000128
exp0_000128_rxg20_0_fulltrim:q3,exp000_sess000_run000:seg00:slot000128,exp000_sess000_run000,128,8,ota/exp0_000128_rxg20_0_fulltrim.cfile,reference/signalout_000008_fulltrim.cfile,0,3,6,3.0,250000,692676,1000000,2770704,exp000_sess000_run000:seg00:slot000128
exp0_000128_rxg20_1_fulltrim:q0,exp000_sess000_run000:seg00:slot000128,exp000_sess000_run000,128,8,ota/exp0_000128_rxg20_1_fulltrim.cfile,reference/signalout_000008_fulltrim.cfile,1,0,1,0.5,250000,692676,1000000,2770704,exp000_sess000_run000:seg00:slot000128
exp0_000128_rxg20_1_fulltrim:q1,exp000_sess000_run000:seg00:slot000128,exp000_sess000_run000,128,8,ota/exp0_000128_rxg20_1_fulltrim.cfile,reference/signalout_000008_fulltrim.cfile,1,1,3,1.5,250000,692676,1000000,2770704,exp000_sess000_run000:seg00:slot000128
exp0_000128_rxg20_1_fulltrim:q2,exp000_sess000_run000:seg00:slot000128,exp000_sess000_run000,128,8,ota/exp0_000128_rxg20_1_fulltrim.cfile,reference/signalout_000008_fulltrim.cfile,1,2,5,2.5,250000,692676,1000000,2770704,exp000_sess000_run000:seg00:slot000128
exp0_000128_rxg20_1_fulltrim:q3,exp000_sess000_run000:seg00:slot000128,exp000_sess000_run000,128,8,ota/exp0_000128_rxg20_1_fulltrim.cfile,reference/signalout_000008_fulltrim.cfile,1,3,7,3.5,250000,692676,1000000,2770704,exp000_sess000_run000:seg00:slot000128
exp0_000129_rxg20_0_fulltrim:q0,exp000_sess000_run000:seg00:slot000129,exp000_sess000_run000,129,9,ota/exp0_000129_rxg20_0_fulltrim.cfile,reference/signalout_000009_fulltrim.cfile,0,0,0,0.0,250000,692676,1000000,2770704,exp000_sess000_run000:seg00:slot000129
exp0_000129_rxg20_0_fulltrim:q1,exp000_sess000_run000:seg00:slot000129,exp000_sess000_run000,129,9,ota/exp0_000129_rxg20_0_fulltrim.cfile,reference/signalout_000009_fulltrim.cfile,0,1,2,1.0,250000,692676,1000000,2770704,exp000_sess000_run000:seg00:slot000129
exp0_000129_rxg20_0_fulltrim:q2,exp000_sess000_run000:seg00:slot000129,exp000_sess000_run000,129,9,ota/exp0_000129_rxg20_0_fulltrim.cfile,reference/signalout_000009_fulltrim.cfile,0,2,4,2.0,250000,692676,1000000,2770704,exp000_sess000_run000:seg00:slot000129
exp0_000129_rxg20_0_fulltrim:q3,exp000_sess000_run000:seg00:slot000129,exp000_sess000_run000,129,9,ota/exp0_000129_rxg20_0_fulltrim.cfile,reference/signalout_000009_fulltrim.cfile,0,3,6,3.0,250000,692676,1000000,2770704,exp000_sess000_run000:seg00:slot000129
exp0_000129_rxg20_1_fulltrim:q0,exp000_sess000_run000:seg00:slot000129,exp000_sess000_run000,129,9,ota/exp0_000129_rxg20_1_fulltrim.cfile,reference/signalout_000009_fulltrim.cfile,1,0,1,0.5,250000,692676,1000000,2770704,exp000_sess000_run000:seg00:slot000129
exp0_000129_rxg20_1_fulltrim:q1,exp000_sess000_run000:seg00:slot000129,exp000_sess000_run000,129,9,ota/exp0_000129_rxg20_1_fulltrim.cfile,reference/signalout_000009_fulltrim.cfile,1,1,3,1.5,250000,692676,1000000,2770704,exp000_sess000_run000:seg00:slot000129
exp0_000129_rxg20_1_fulltrim:q2,exp000_sess000_run000:seg00:slot000129,exp000_sess000_run000,129,9,ota/exp0_000129_rxg20_1_fulltrim.cfile,reference/signalout_000009_fulltrim.cfile,1,2,5,2.5,250000,692676,1000000,2770704,exp000_sess000_run000:seg00:slot000129
exp0_000129_rxg20_1_fulltrim:q3,exp000_sess000_run000:seg00:slot000129,exp000_sess000_run000,129,9,ota/exp0_000129_rxg20_1_fulltrim.cfile,reference/signalout_000009_fulltrim.cfile,1,3,7,3.5,250000,692676,1000000,2770704,exp000_sess000_run000:seg00:slot000129
